{"type":"FeatureCollection","features":[{"type":"Feature","properties":{"id":"DA","featurecla":"Admin-1 scale rank","scalerank":5,"adm1_code":"IRQ-3046","diss_me":3046,"iso_3166_2":"IQ-DA","wikipedia":"","iso_a2":"IQ","adm0_sr":1,"name":"Dihok","name_alt":"Dahuk|D'hok","name_local":"","type_en":"Province","code_local":"","note":"","hasc_maybe":"","postal":"DA","sameascity":-99,"woe_name":"Dihok","latitude":37.0875,"longitude":43.2281,"admin":"Iraq","gn_a1_code":"08","min_zoom":6.7},"geometry":{"type":"Polygon","coordinates":[[[44.06914688984256,37.31361149084584],[44.064256148063315,37.29930450144997],[44.06792420439775,37.29464641187922],[44.070777137102304,37.29331552914472],[44.07322250799192,37.2916519257266],[44.075667878881546,37.287326556839474],[44.07607544069648,37.28566295342135],[44.077705687956225,37.284664791370474],[44.07974349703091,37.2836666293196],[44.08218886792053,37.28266846726872],[44.083819115180276,37.28133758453423],[44.08707960969977,37.28000670179972],[44.08830229514458,37.27734493633072],[44.08830229514458,37.274017729494474],[44.07933593521597,37.259710740098605],[44.07648300251142,37.25305632642611],[44.07607544069648,37.24906367822261],[44.07607544069648,37.245403750702735],[44.078113249771164,37.23941477839749],[44.07892837340104,37.233758526775866],[44.08055862066078,37.23076404062324],[44.08341155336534,37.22910043720512],[44.08707960969977,37.22776955447062],[44.09319303692382,37.22776955447062],[44.09523084599851,37.22710411310337],[44.096861093258255,37.22577323036887],[44.09930646414787,37.214128006442],[44.09930646414787,37.210468078922126],[44.098491340517995,37.207806313453126],[44.08748717151471,37.203813665249626],[44.076890564326355,37.1968265308935],[44.06914688984256,37.19050483790463],[44.056920035394455,37.17786145192689],[44.0540671026899,37.17220520030527],[44.05325197906002,37.16821255210177],[44.05773515902433,37.16155813842927],[44.05569734994965,37.15856365227665],[44.050399046355466,37.1552364454404],[44.037357068277494,37.1512437972369],[44.01697897753066,37.14226033877903],[44.01127311212154,37.13826769057553],[43.99619332496889,37.12129893571066],[43.99252526863446,37.11597540477267],[43.98681940322535,37.11165003588554],[43.97866816692661,37.10765738768204],[43.960735447069396,37.10067025332592],[43.95217664895573,37.098341208540546],[43.947693468991424,37.09601216375518],[43.94932371625117,37.093017677602546],[43.95176908714079,37.09068863281718],[43.95136152532585,37.08869230871542],[43.94687834536155,37.08636326393005],[43.90938265838737,37.07405259863593],[43.8918575003451,37.06606730222894],[43.886151634935985,37.06207465402544],[43.88289114041649,37.05608568172019],[43.878407960452186,37.04543861984419],[43.87433234230282,37.04044780958982],[43.86984916233852,37.036787882069945],[43.86169792603978,37.03512427865182],[43.84784082433193,37.0294680270302],[43.82827785721497,37.01183383079808],[43.796488035649915,37.01782280310333],[43.76877383223422,37.0268062615612],[43.69867320006511,37.036787882069945],[43.68726146924688,37.039449647538945],[43.66932874938966,37.047102223262314],[43.66484556942536,37.048433105996814],[43.660362389461056,37.048765826680444],[43.6575094567565,37.04776766462957],[43.653841400422074,37.04577134052782],[43.64935822045777,37.042111413007945],[43.646505287753214,37.03845148548807],[43.64161454597397,37.030466189081075],[43.640799422344095,37.02747170292845],[43.640799422344095,37.024144496092205],[43.639576736899286,37.01582647900158],[43.63590868056486,37.00784118259458],[43.633463309675236,37.00018860687121],[43.632648186045365,36.996528679351336],[43.6330557478603,36.992868751831466],[43.633463309675236,36.98987426567884],[43.63631624237979,36.985216176108096],[43.63672380419473,36.982554410639096],[43.63794648963954,36.979559924486466],[43.640391860529164,36.97656543833384],[43.65058090590258,36.9705764660286],[43.65587920949675,36.96824742124323],[43.66158507490587,36.96691653850873],[43.67584973842865,36.9665838178251],[43.68359341291245,36.965252935090604],[43.69174464921118,36.96159300757073],[43.708862245438524,36.957267638683604],[43.714975672662575,36.95626947663273],[43.72027397625675,36.95427315253098],[43.723534470776244,36.95127866637836],[43.72597984166587,36.94662057680761],[43.72720252711068,36.941629766553234],[43.72801765074055,36.936638956298864],[43.72801765074055,36.93231358741174],[43.72597984166587,36.927322777157364],[43.71782860536713,36.913348508445125],[43.71293786358789,36.909355860241625],[43.708454683623586,36.90702681545625],[43.70315638002941,36.9050304913545],[43.702341256399535,36.902701446569125],[43.70437906547422,36.8970451949475],[43.70478662728916,36.89338526742763],[43.70478662728916,36.890390781275],[43.70478662728916,36.88772901580601],[43.70560175091903,36.88539997102063],[43.70560175091903,36.88040916076626],[43.70682443636384,36.87741467461363],[43.707639559993716,36.87375474709376],[43.70723199817878,36.868763936839386],[43.70600931273397,36.862442243850516],[43.701526132769665,36.85112974060727],[43.69826563825017,36.84846797513827],[43.694597581915744,36.84813525445465],[43.69092952558131,36.8501315785564],[43.674219491168905,36.85478966812715],[43.66484556942536,36.85345878539265],[43.6575094567565,36.85046429924002],[43.654248962237006,36.84680437172015],[43.652618714977265,36.841480840782154],[43.652618714977265,36.835824589160524],[43.65180359134739,36.83116649958978],[43.64895065864283,36.82650841001903],[43.64202210778891,36.82617568933541],[43.62816500608106,36.828504734120784],[43.483072999963596,36.859780478381516],[43.4508756165836,36.87242386435926],[43.43335045854133,36.88539997102063],[43.40319088423601,36.90303416725275],[43.3897413443431,36.914346670495995],[43.373846433560566,36.92432829100474],[43.35876664640791,36.93098270467724],[43.3208633976188,36.93464263219711],[43.30456092502133,36.93031726330999],[43.290703823313486,36.92133380485212],[43.283367710644626,36.91135218434337],[43.25239301270943,36.881740043500756],[43.223048562033995,36.84281172351665],[43.21448976392033,36.82018671703016],[43.20552340399171,36.802219800114415],[43.20104022402741,36.786581927984045],[43.18596043687475,36.7779311902098],[43.15254036804995,36.76395692149756],[43.11219174837122,36.76129515602856],[42.98136440577654,36.74698816663269],[42.89944448097426,36.71005617075033],[42.8876251883411,36.712385215535704],[42.87295296300338,36.712385215535704],[42.861133670370215,36.71038889143395],[42.85175974862667,36.70473263981233],[42.84360851232794,36.69242197451821],[42.834642152399326,36.70805984664858],[42.82975141062009,36.714714260321074],[42.82241529795123,36.71970507057545],[42.80815063442844,36.7256940428807],[42.799591836314775,36.72635948424794],[42.76454152023022,36.712052494852074],[42.75394491304186,36.71138705348483],[42.74701636218794,36.71970507057545],[42.7498692948925,36.72735764629882],[42.758835654821105,36.73334661860407],[42.78125155464262,36.74033375296019],[42.772692756528954,36.747653607999936],[42.76454152023022,36.74964993210169],[42.75679784574642,36.750315373468936],[42.74701636218794,36.75397530098881],[42.72949120414567,36.76661868696655],[42.69933162984035,36.79423450370742],[42.690365269911744,36.799558034645415],[42.67813841546364,36.80188707943079],[42.669172055535036,36.799890755329045],[42.663873751940855,36.79523266575829],[42.65939057197655,36.790574576187545],[42.65449983019732,36.7885782520858],[42.61252096325884,36.789243693453045],[42.5966260524763,36.795898107125545],[42.582768950768454,36.82650841001903],[42.566058916356056,36.83649003052778],[42.53508421842086,36.84946613718915],[42.51470612767403,36.8434771648839],[42.50410952048568,36.85146246129089],[42.50859270044998,36.86177680248327],[42.53508421842086,36.86310768521777],[42.52408004941758,36.87974371939901],[42.5155212513039,36.88739629512238],[42.513075880414284,36.896379753580256],[42.52081955489808,36.918339318699495],[42.50410952048568,36.92166652553574],[42.5032943968558,36.937969839033364],[42.507777576820104,36.95793308005085],[42.507777576820104,36.97290551081397],[42.48821460970314,36.95527131458186],[42.47068945166087,36.95493859389823],[42.45275673180365,36.96558565577423],[42.41444592119961,36.995530517300466],[42.3977358867872,37.01715736173608],[42.383878785079354,37.040780530273445],[42.37695023422543,37.06207465402544],[42.377357796040364,37.06207465402544],[42.37695023422543,37.07671436410493],[42.37124436881631,37.08802686734818],[42.363500694332515,37.09800848785692],[42.35738726710847,37.109986432467416],[42.40181150493657,37.113979080670916],[42.45927772084264,37.12928423211766],[42.54527326379428,37.14092945604453],[42.561168174576814,37.146585707666155],[42.56483623091124,37.15190923860415],[42.57706308535934,37.17919233466139],[42.70218456254491,37.325256714772706],[42.70626018069427,37.333242011179706],[42.70748286613908,37.34022914553582],[42.70952067521377,37.347216279891946],[42.71563410243782,37.355201576298946],[42.72215509147681,37.358861503818815],[42.771470071084146,37.374832096632815],[42.78043643101275,37.37549753800006],[42.792255723645916,37.374499375949185],[42.80122208357452,37.369175845011185],[42.80529770172389,37.35187436946269],[42.813856499837556,37.34688355920832],[42.896591548269704,37.32492399408908],[42.936940167948435,37.32026590451834],[42.97973415851679,37.3319111284452],[43.005002991042865,37.347216279891946],[43.04331380164692,37.360192386553315],[43.08366242132565,37.36884312432756],[43.114637119260834,37.37117216911294],[43.13216227730311,37.36717952090944],[43.263397181712726,37.31061700469321],[43.27032573256665,37.30862068059146],[43.278476968865384,37.30762251854059],[43.28744332879399,37.30928612195871],[43.296817250537536,37.31660597699846],[43.30578361046614,37.319933183834706],[43.32412389213829,37.32226222862008],[43.33594318477145,37.32026590451834],[43.36243470274234,37.30396259102071],[43.37588424263525,37.29564457393009],[43.41664042412892,37.27900853974885],[43.4631024710317,37.24873095753899],[43.47940494362917,37.24340742660099],[43.49244692170714,37.24473830933549],[43.517308192418284,37.25239088505886],[43.529535046866386,37.25405448847698],[43.54257702494436,37.25239088505886],[43.55072826124309,37.24873095753899],[43.56906854291524,37.237751174979365],[43.59433737544131,37.22943315788874],[43.61838352252258,37.22710411310337],[43.72068153807169,37.232760364724996],[43.74676549422764,37.23076404062324],[43.7708116413089,37.22577323036887],[43.78059312486738,37.22044969943087],[43.80219390105903,37.203480944566],[43.80953001372789,37.19982101704613],[43.82216442999092,37.20248278251513],[43.84009714984814,37.217122492594626],[43.893487747604844,37.224775068317996],[43.9240548837251,37.25305632642611],[43.953806896215475,37.287326556839474],[43.99048745955977,37.31261332879496],[44.03572682101775,37.31826958041658],[44.06914688984256,37.31361149084584]]]}},{"type":"Feature","properties":{"id":"AR","featurecla":"Admin-1 scale rank","scalerank":5,"adm1_code":"IRQ-3050","diss_me":3050,"iso_3166_2":"IQ-AR","wikipedia":"","iso_a2":"IQ","adm0_sr":1,"name":"Arbil","name_alt":"Arbela|Erbil|Irbil","name_local":"","type_en":"Province","code_local":"","note":"","hasc_maybe":"","postal":"AR","sameascity":-99,"woe_name":"Arbil","latitude":36.2371,"longitude":44.1806,"admin":"Iraq","gn_a1_code":"11","min_zoom":6.7},"geometry":{"type":"Polygon","coordinates":[[[44.06914688984256,37.31361149084584],[44.08789473332965,37.31128244606046],[44.18448688346964,37.27900853974885],[44.206902783291156,37.26736331582198],[44.22320525588862,37.25405448847698],[44.235024548521785,37.23675301292849],[44.24358334663546,37.21379528575838],[44.248474088414696,37.19183572063913],[44.24969677385951,37.17952505534501],[44.248474088414696,37.16954343483627],[44.240322852115966,37.157898210909394],[44.23013380674255,37.154238283389525],[44.21872207592432,37.1525746799714],[44.206087659661286,37.146585707666155],[44.18937762524888,37.12928423211766],[44.18081882713521,37.108988270416546],[44.180003703505335,37.08769414666455],[44.187339816174195,37.06706546427981],[44.227688435852926,36.994199634565966],[44.234209424891915,36.983552572689966],[44.24317578482052,36.97789632106834],[44.28474708994406,36.9692455832941],[44.2973815062071,36.96991102466135],[44.30675542795065,36.9772308797011],[44.315721787879255,36.99386691388234],[44.31612934969419,36.99386691388234],[44.31612934969419,36.99386691388234],[44.31612934969419,36.994199634565966],[44.33161669866178,37.01549375831796],[44.335284754996216,37.03113163044832],[44.343028429480015,37.04244413369157],[44.42820884880178,37.06473641949444],[44.454292804957724,37.07638164342131],[44.479154075668866,37.09201951555168],[44.50360778456506,37.116640846139916],[44.53947322427949,37.14359122151353],[44.57819159669848,37.16654894868364],[44.610388980078476,37.17819417261052],[44.62913682356557,37.178859613977764],[44.733880210004294,37.167214390050894],[44.753850738936194,37.1592290936439],[44.766077593384296,37.14192761809541],[44.75262805349138,37.11298091862004],[44.75262805349138,37.103332018794916],[44.760779289790115,37.0856978225628],[44.76648515519923,37.07904340889031],[44.77382126786809,37.07638164342131],[44.78115738053695,37.07438531931956],[44.78849349320581,37.07039267111606],[44.79216154954024,37.06373825744356],[44.79745985313442,37.048433105996814],[44.80194303309872,37.043442295742445],[44.81131695484226,37.04177869232432],[44.83087992195922,37.04676950257869],[44.84066140551771,37.047102223262314],[44.84758995637163,37.04410773710969],[44.85900168718986,37.034126116600945],[44.8806024633815,37.02480993745945],[44.88753101423543,37.01582647900158],[44.88590076697568,37.00517941712558],[44.87489659797239,36.99386691388234],[44.869190732563276,36.96724925919235],[44.87489659797239,36.949615062960234],[44.883862957900995,36.93331174946261],[44.88875369968024,36.91101946365975],[44.883455396086056,36.88673085375513],[44.869598294378214,36.869096657523016],[44.83414041647872,36.8341609857424],[44.82354380929036,36.80920693447054],[44.83128748377416,36.791905458922045],[44.85125801270606,36.78125839704605],[44.877341968862005,36.7766003074753],[44.9083166667972,36.7779311902098],[44.92258133031998,36.77593486610805],[44.93521574658302,36.76695140765018],[44.944589668326564,36.758300669875936],[44.95477871369998,36.75231169757069],[44.96659800633314,36.74931721141806],[44.979639984411115,36.748984490734436],[44.99635001882352,36.74166463569469],[45.01102224416124,36.7256940428807],[45.035068391242504,36.68976020904921],[45.0460725602458,36.668133364613595],[45.04444231298605,36.6495010063306],[45.02487934586909,36.613234451815494],[45.014282738680734,36.57896422140213],[45.013060053235925,36.55800281833376],[45.01020712053137,36.556006494232015],[44.99798026608327,36.552013846028515],[44.993497086118964,36.549684801243146],[44.99145927704428,36.533714208429146],[45.005723940567066,36.51874177766603],[45.00939199690149,36.51608001219703],[45.00939199690149,36.51608001219703],[45.00531637875213,36.50676383305554],[45.00001807515795,36.49678221254679],[44.98656853526504,36.480146178365544],[44.97515680444681,36.473824485376674],[44.96089214092403,36.46949911648955],[44.92624938665441,36.4714954405913],[44.883862957900995,36.480146178365544],[44.863077305339225,36.4794807369983],[44.841068967332646,36.47582080947842],[44.78930861683568,36.45452668572643],[44.74569950263746,36.445210506584935],[44.699645017549614,36.43955425496331],[44.671115690504045,36.44620866863581],[44.65481321790658,36.44820499273756],[44.63362000352987,36.442548741115935],[44.603052867409616,36.42391638283294],[44.58389746210759,36.40561674523357],[44.5728932931043,36.3926406385722],[44.53988078609443,36.36901747003484],[44.53947322427949,36.34772334628285],[44.54517908968861,36.33607812235598],[44.60264530559468,36.265208616743884],[44.61242678915316,36.27419207520175],[44.61894777819215,36.27785200272163],[44.6295443853805,36.277519282038],[44.63932586893898,36.27086486836551],[44.6894559721762,36.22195492787265],[44.69516183758531,36.214302352149275],[44.698014770289866,36.20598433505866],[44.68864084854632,36.19733359728441],[44.66540982509493,36.188682859510166],[44.657666150611135,36.18402476993941],[44.652367847016954,36.1757067528488],[44.64706954342278,36.1690523391763],[44.63932586893898,36.16273064618743],[44.617725092747335,36.14875637747518],[44.62220827271164,36.136112991497434],[44.62750657630582,36.126796812355934],[44.72776678278024,36.06890341340521],[44.7505902444167,36.06091811699822],[44.76240953704986,36.05459642400934],[44.77178345879341,36.04827473102047],[44.84514458548201,35.9764070633575],[44.876934407047074,35.952451174136506],[44.90138811594327,35.938144184740636],[44.9694509390377,35.9108610886834],[44.97597192807669,35.904206675010904],[44.9771946135215,35.901544909541904],[44.977602175336436,35.89855042338928],[44.9771946135215,35.89655409928753],[44.97556436626175,35.89422505450216],[44.973526557187064,35.88823608219691],[44.971488748112385,35.88557431672791],[44.964967759073396,35.88124894784079],[44.958039208219475,35.879252623739035],[44.94744260103112,35.877921741004535],[44.924619139394665,35.878254461688165],[44.91483765583618,35.880583506473535],[44.90953935224201,35.883245271942535],[44.90790910498226,35.88557431672791],[44.90546373409264,35.88690519946241],[44.903425925017956,35.88823608219691],[44.898535183238714,35.892228730400404],[44.895274688719226,35.89389233381853],[44.890383946939984,35.89455777518578],[44.87978733975163,35.89322689245128],[44.8761192834172,35.893559613134904],[44.870005856193146,35.89588865792028],[44.86674536167365,35.89588865792028],[44.85859412537492,35.894890495869404],[44.855741192670365,35.89322689245128],[44.85492606904049,35.89056512698228],[44.86593023804378,35.874261813484665],[44.86715292348859,35.87193276869929],[44.86144705807948,35.86561107571042],[44.84595970911188,35.861285706823296],[44.83658578736834,35.853633131099926],[44.83332529284885,35.85263496904905],[44.83087992195922,35.85429857246717],[44.828842112884544,35.85962210340517],[44.82802698925467,35.874261813484665],[44.82598918017999,35.87725629963729],[44.82272868566049,35.879252623739035],[44.81906062932606,35.88025078578991],[44.816207696621504,35.88025078578991],[44.8117245166572,35.876923578953665],[44.80927914576758,35.87359637211741],[44.8072413366929,35.87060188596479],[44.80642621306303,35.863947472292296],[44.80561108943315,35.86062026545604],[44.80275815672859,35.85829122067067],[44.79786741494935,35.85895666203792],[44.78971617865062,35.863947472292296],[44.78604812231619,35.86860556186304],[44.78197250416682,35.87259821006654],[44.77748932420252,35.87392909280104],[44.77096833516353,35.874261813484665],[44.76240953704986,35.87193276869929],[44.75711123345569,35.868938282546665],[44.75140536804657,35.86727467912854],[44.746107064452396,35.867607399812165],[44.74040119904328,35.871600048015665],[44.7351028954491,35.878254461688165],[44.73021215366987,35.879585344422665],[44.72246847918607,35.87991806510629],[44.698422332104805,35.87392909280104],[44.692716466695686,35.87326365143379],[44.68782572491645,35.87392909280104],[44.68415766858202,35.877921741004535],[44.68375010676708,35.88091622715716],[44.68375010676708,35.883245271942535],[44.68375010676708,35.885907037411535],[44.6817122976924,35.88790336151328],[44.678859364987844,35.889566964931404],[44.67478374683847,35.889566964931404],[44.663779577835186,35.88424343399341],[44.66011152150075,35.88391071330979],[44.65603590335139,35.887237920146035],[44.65318297064683,35.89056512698228],[44.64829222886759,35.892228730400404],[44.64543929616303,35.892561451084035],[44.62709901449088,35.88557431672791],[44.62139314908177,35.89422505450216],[44.62139314908177,35.903873954327274],[44.618132654562274,35.90720116116353],[44.61487216004278,35.907866602530774],[44.604275552854425,35.90354123364365],[44.59938481107519,35.90087946817465],[44.59653187837063,35.897552261338404],[44.5928638220362,35.889899685615035],[44.58919576570177,35.88524159604428],[44.58104452940304,35.879585344422665],[44.57493110217899,35.874261813484665],[44.57085548402962,35.86993644459754],[44.56596474225038,35.86561107571042],[44.561889124101015,35.866276517077665],[44.55170007872759,35.871600048015665],[44.54762446057823,35.87093460664842],[44.5439564042438,35.86860556186304],[44.54314128061392,35.86561107571042],[44.5439564042438,35.86228386887417],[44.54517908968861,35.85895666203792],[44.54599421331848,35.85562945520167],[44.5439564042438,35.850971365630926],[44.54028834790937,35.85030592426367],[44.536620291574934,35.85230224836542],[44.53009930253595,35.859954824088796],[44.52602368438659,35.863614751608665],[44.51868757171772,35.86561107571042],[44.51257414449367,35.86428019297592],[44.50401534638,35.86028754477242],[44.4995321664157,35.85962210340517],[44.49667923371114,35.86095298613967],[44.493826301006585,35.863947472292296],[44.47181796300001,35.86927100323029],[44.4506247486233,35.85928938272154],[44.44206595050963,35.85928938272154],[44.42943153424659,35.86095298613967],[44.42209542157773,35.86028754477242],[44.41679711798355,35.857293058619796],[44.412313938019246,35.853633131099926],[44.40660807261013,35.850971365630926],[44.38786022912305,35.844316951958426],[44.384599734603555,35.84232062785668],[44.379301431009374,35.83366989008243],[44.37644849830482,35.83300444871518],[44.37318800378532,35.83366989008243],[44.36870482382102,35.835333493500556],[44.35321747485343,35.837662538285926],[44.34710404762938,35.838993421020426],[44.33487719318128,35.8439842312748],[44.331209136846844,35.8439842312748],[44.32631839506761,35.837662538285926],[44.32061252965849,35.8333371693988],[44.30594030432077,35.82701547640993],[44.296158820762294,35.82501915230819],[44.28800758446356,35.824686431624556],[44.282301719054445,35.82568459367543],[44.263553875567354,35.8333371693988],[44.241545537560775,35.83699709691868],[44.186524692544324,35.845647834692926],[44.16981465813192,35.842986069223926],[44.14699119649546,35.83566621418418],[44.132318971157744,35.803725028556194],[44.12335261122914,35.7890853184767],[44.11397868948559,35.784094508222324],[44.09278547510888,35.7811000220697],[44.05528978813471,35.7797691393352],[43.94973127806611,35.8413224658058],[43.927315378244586,35.847976879478296],[43.911828029277,35.845647834692926],[43.90204654571851,35.82368826957369],[43.82990810447472,35.76013861900134],[43.76836627041928,35.717883092180976],[43.76225284319523,35.70923235440673],[43.763067966825105,35.70291066141786],[43.769588955864094,35.69825257184711],[43.79159729387067,35.67795661014599],[43.797710721094724,35.66897315168812],[43.80178633924409,35.65998969323025],[43.80097121561422,35.648677189987005],[43.79241241750054,35.639693731529135],[43.77977800123751,35.62971211102039],[43.76429065226991,35.61440695957364],[43.75776966323093,35.60276173564677],[43.75206379782181,35.57780768437491],[43.741874752448396,35.548195543532294],[43.73209326888991,35.53721576097267],[43.721089099886626,35.533888554136425],[43.69989588550992,35.5322249507183],[43.667290940314984,35.51625435790431],[43.633870871490174,35.51392531311893],[43.61145497166866,35.51425803380256],[43.598005431775746,35.509267223548186],[43.58822394821726,35.49828744098856],[43.57681221739904,35.4693407415132],[43.56784585747043,35.45769551758633],[43.552358508502834,35.450375662546584],[43.53279554138587,35.447713897077584],[43.490001550817524,35.44605029365946],[43.47451420184993,35.44205764545596],[43.454543672918035,35.42775065606009],[43.44435462754461,35.42608705264197],[43.43375802035626,35.42641977332559],[43.41297236779449,35.431077862896345],[43.40319088423601,35.434737790416214],[43.358359084592976,35.458360958953584],[43.36610275907677,35.46002456237171],[43.36854812996639,35.46102272442258],[43.37140106267095,35.46401721057521],[43.37221618630082,35.4693407415132],[43.373438871745634,35.48165140680732],[43.377514489895,35.494960234152316],[43.37873717533981,35.501281927141186],[43.379552298969685,35.510598106282686],[43.375069119005374,35.58812202556728],[43.37140106267095,35.60342717701403],[43.36365738818715,35.61540512162452],[43.3575439609631,35.62072865256252],[43.352245657368925,35.62305769734789],[43.34776247740462,35.62372313871514],[43.34287173562538,35.625386742133266],[43.34042636473576,35.628048507602266],[43.33920367929095,35.63204115580576],[43.3420566119955,35.638362848794635],[43.34409442107019,35.64634814520163],[43.340018802920824,35.658991531179375],[43.33512806114158,35.668307710320875],[43.33023731936234,35.674629403309744],[43.325754139398036,35.678622051513244],[43.32290120669348,35.68194925834949],[43.32167852124867,35.68594190655299],[43.325754139398036,35.691598158174614],[43.32779194847272,35.69625624774536],[43.33431293751171,35.7235393438026],[43.31801046491424,35.75481508806334],[43.31678777946943,35.76047133968496],[43.31597265583956,35.76912207745921],[43.319640712173985,35.78076730138608],[43.34124148836563,35.82135922478831],[43.34653979195981,35.82768091777718],[43.352245657368925,35.8306754039298],[43.359174208222846,35.8306754039298],[43.36732544452158,35.8320062866643],[43.37466155719044,35.837662538285926],[43.3852581643788,35.85795849998705],[43.394224524307404,35.92716440218102],[43.394224524307404,35.94579676046401],[43.39096402978791,35.95278389482013],[43.37792205170993,35.95311661550376],[43.361619579112464,35.95478021892188],[43.35102297192411,35.96376367737975],[43.34490954470006,35.988717728651615],[43.353060780998796,35.99903206984399],[43.482665438148665,36.04328392076609],[43.49326204533702,36.05160193785672],[43.5075267088598,36.068570692721586],[43.510379641564356,36.073894223659586],[43.51160232700917,36.07855231323033],[43.50997207974942,36.098515554247825],[43.510379641564356,36.10516996792032],[43.51241745063904,36.11348798501094],[43.53401822683068,36.14576189132256],[43.536871159535245,36.15241630499505],[43.538908968609924,36.15940343935117],[43.544207272204105,36.16838689780904],[43.5474677667236,36.17138138396167],[43.55602656483727,36.17237954601254],[43.57518197013929,36.18402476993941],[43.58700126277245,36.20365529027328],[43.592299566366634,36.21530051420015],[43.59759786996081,36.22195492787265],[43.62898012971093,36.24491265504277],[43.63794648963954,36.25489427555151],[43.6497657822727,36.27119758904913],[43.6575094567565,36.27984832682338],[43.66566069305524,36.28583729912862],[43.688076592876754,36.29382259553562],[43.702341256399535,36.30746414356424],[43.71008493088333,36.31045862971686],[43.728425212555486,36.320107529541986],[43.74472768515295,36.33208547415248],[43.78670655209143,36.37267739755471],[43.803824148318775,36.39630056609208],[43.811160260987634,36.41626380710957],[43.809937575542826,36.430903517189066],[43.80830732828308,36.439886975646935],[43.804231710133706,36.449203154788435],[43.804639271948645,36.452863082308305],[43.8074922046532,36.455524847777305],[43.811160260987634,36.455524847777305],[43.82216442999092,36.454193965042805],[43.82950054265979,36.454193965042805],[43.83642909351371,36.45619028914456],[43.844580329812445,36.459517495980805],[43.85395425155598,36.46550646828605],[43.85721474607548,36.47049727854042],[43.858844993335225,36.47582080947842],[43.858844993335225,36.480146178365544],[43.858029869705355,36.48380610588542],[43.856807184260546,36.48713331272167],[43.85436181337092,36.490460519557914],[43.852324004296236,36.49511860912867],[43.851916442481304,36.50476750895378],[43.85436181337092,36.50876015715728],[43.85843743152029,36.51108920194266],[43.88370626404637,36.50842743647366],[43.88981969127042,36.50876015715728],[43.898786051199025,36.51142192262628],[43.90367679297826,36.51674545356428],[43.905714602052946,36.52306714655315],[43.90449191660814,36.535377811847276],[43.905714602052946,36.54236494620339],[43.9085675347575,36.54535943235602],[43.91142046746206,36.545692153039646],[43.91468096198155,36.54336310825427],[43.91794145650105,36.54070134278527],[43.920386827390665,36.53737413594902],[43.925685130984846,36.53604325321452],[43.9317985582089,36.537706856632646],[43.94565565991674,36.54635759440689],[43.95258421077067,36.55367744944664],[43.96277325614408,36.559999142435515],[43.96644131247851,36.56465723200626],[43.969294245183065,36.568982600893385],[43.97336986333244,36.57730061798401],[43.99863869585851,36.60092378652137],[44.00719749397218,36.60624731745937],[44.01249579756636,36.60857636224475],[44.01494116845598,36.60691275882662],[44.01820166297547,36.60591459677575],[44.02309240475471,36.60624731745937],[44.02431509019952,36.60857636224475],[44.02064703386509,36.613234451815494],[44.01942434842028,36.61689437933536],[44.01942434842028,36.62221791027336],[44.021869719309905,36.62388151369149],[44.02390752838458,36.62354879300786],[44.02594533745927,36.62088702753886],[44.02676046108914,36.61755982070262],[44.02839070834889,36.614565334549994],[44.03124364105344,36.611903569080994],[44.03531925920281,36.61023996566287],[44.04021000098205,36.609241803611994],[44.04469318094635,36.60990724497924],[44.050399046355466,36.61123812771374],[44.054882226319776,36.611903569080994],[44.05936540628407,36.611903569080994],[44.0618107771737,36.610572686346494],[44.062218338988636,36.60824364156112],[44.06099565354382,36.60491643472487],[44.05895784446914,36.601256507204994],[44.058142720839264,36.5972638590015],[44.05895784446914,36.593603931481624],[44.062218338988636,36.590942166012624],[44.06873932802762,36.58894584191088],[44.07199982254711,36.59027672464538],[44.07322250799192,36.59393665216525],[44.07363006980686,36.597596579685124],[44.07526031706661,36.602920110623124],[44.078113249771164,36.60558187609212],[44.08137374429066,36.606580038142994],[44.085041800625085,36.60624731745937],[44.08870985695952,36.606580038142994],[44.098898902332934,36.61023996566287],[44.104197205927115,36.611903569080994],[44.10908794770635,36.61157084839737],[44.11479381311547,36.61023996566287],[44.118461869449895,36.60824364156112],[44.12009211670964,36.606580038142994],[44.119684554894704,36.60358555199037],[44.12090724033952,36.60092378652137],[44.124982858488885,36.59926018310325],[44.1351719038623,36.60092378652137],[44.14821388194027,36.60990724497924],[44.165331478167616,36.61855798275349],[44.192638119768375,36.638188503087356],[44.200381794252166,36.64251387197448],[44.21709182866457,36.647171961545226],[44.23298673944711,36.66713520256272],[44.261108504677736,36.687431164263835],[44.296973944392164,36.7256940428807],[44.302272247986345,36.73467750133857],[44.302679809801276,36.73933559090932],[44.301864686171406,36.74299551842919],[44.29982687709672,36.74599000458181],[44.29778906802204,36.747653607999936],[44.29534369713242,36.74798632868357],[44.29330588805774,36.74698816663269],[44.29086051716811,36.74532456321457],[44.288415146278496,36.74465912184731],[44.28556221357394,36.74532456321457],[44.27985634816483,36.75663706645781],[44.27659585364533,36.76428964218118],[44.26599924645698,36.77294037995543],[44.2651841228271,36.77726574884255],[44.26436899919723,36.7859164866168],[44.262331190122545,36.7899091348203],[44.25703288652837,36.79423450370742],[44.248474088414696,36.798227151910915],[44.2317640540023,36.808874213786915],[44.13761727475192,36.8421462821494],[44.13028116208306,36.8461389303529],[44.125797982118755,36.85046429924002],[44.12212992578433,36.85545510949439],[44.117646745820025,36.85811687496339],[44.11397868948559,36.85944775769789],[44.084226676995215,36.86144408179964],[44.07485275525167,36.86310768521777],[44.070777137102304,36.86310768521777],[44.066293957138,36.86210952316689],[44.0585502826542,36.86144408179964],[44.054882226319776,36.86310768521777],[44.04673099002104,36.87375474709376],[44.04550830457623,36.876749233246386],[44.04713855183598,36.879410998715386],[44.04795367546585,36.883403646918886],[44.04754611365091,36.88806173648963],[44.04102512461193,36.896047032896625],[44.036949506462555,36.898708798365625],[44.03287388831319,36.900039681100125],[44.029205831978764,36.89904151904925],[44.01290335938129,36.898708798365625],[44.01045798849167,36.90037240178375],[44.01045798849167,36.9023687258855],[44.01331092119623,36.90369960862],[44.017386539345594,36.90436504998725],[44.01983191023522,36.90602865340537],[44.02023947205015,36.909023139558],[44.015756292085854,36.91534483254687],[44.01290335938129,36.92000292211762],[44.01168067393648,36.92499373237199],[44.00638237034231,36.931315425360864],[44.000676504933196,36.93497535288074],[43.98763452685522,36.940298883818734],[43.973777425147375,36.949282342276604],[43.95339933440054,36.95926396278535],[43.93139099639396,36.97656543833384],[43.92609269279978,36.979892645170096],[43.920386827390665,36.981223527904596],[43.91468096198155,36.98022536585372],[43.8918575003451,36.98421801405722],[43.82827785721497,37.01183383079808],[43.84784082433193,37.0294680270302],[43.86169792603978,37.03512427865182],[43.86984916233852,37.036787882069945],[43.87433234230282,37.04044780958982],[43.878407960452186,37.04543861984419],[43.88289114041649,37.05608568172019],[43.886151634935985,37.06207465402544],[43.8918575003451,37.06606730222894],[43.90938265838737,37.07405259863593],[43.94687834536155,37.08636326393005],[43.95136152532585,37.08869230871542],[43.95176908714079,37.09068863281718],[43.94932371625117,37.093017677602546],[43.947693468991424,37.09601216375518],[43.95217664895573,37.098341208540546],[43.960735447069396,37.10067025332592],[43.97866816692661,37.10765738768204],[43.98681940322535,37.11165003588554],[43.99252526863446,37.11597540477267],[43.99619332496889,37.12129893571066],[44.01127311212154,37.13826769057553],[44.01697897753066,37.14226033877903],[44.037357068277494,37.1512437972369],[44.050399046355466,37.1552364454404],[44.05569734994965,37.15856365227665],[44.05773515902433,37.16155813842927],[44.05325197906002,37.16821255210177],[44.0540671026899,37.17220520030527],[44.056920035394455,37.17786145192689],[44.06914688984256,37.19050483790463],[44.076890564326355,37.1968265308935],[44.08748717151471,37.203813665249626],[44.098491340517995,37.207806313453126],[44.09930646414787,37.210468078922126],[44.09930646414787,37.214128006442],[44.096861093258255,37.22577323036887],[44.09523084599851,37.22710411310337],[44.09319303692382,37.22776955447062],[44.08707960969977,37.22776955447062],[44.08341155336534,37.22910043720512],[44.08055862066078,37.23076404062324],[44.07892837340104,37.233758526775866],[44.078113249771164,37.23941477839749],[44.07607544069648,37.245403750702735],[44.07607544069648,37.24906367822261],[44.07648300251142,37.25305632642611],[44.07933593521597,37.259710740098605],[44.08830229514458,37.274017729494474],[44.08830229514458,37.27734493633072],[44.08707960969977,37.28000670179972],[44.083819115180276,37.28133758453423],[44.08218886792053,37.28266846726872],[44.07974349703091,37.2836666293196],[44.077705687956225,37.284664791370474],[44.07607544069648,37.28566295342135],[44.075667878881546,37.287326556839474],[44.07322250799192,37.2916519257266],[44.070777137102304,37.29331552914472],[44.06792420439775,37.29464641187922],[44.064256148063315,37.29930450144997],[44.06914688984256,37.31361149084584]]]}},{"type":"Feature","properties":{"id":"BA","featurecla":"Admin-1 scale rank","scalerank":5,"adm1_code":"IRQ-3222","diss_me":3222,"iso_3166_2":"IQ-BA","wikipedia":"","iso_a2":"IQ","adm0_sr":1,"name":"Al-Basrah","name_alt":"Basra|Bassora","name_local":"","type_en":"Province","code_local":"","note":"","hasc_maybe":"","postal":"BA","sameascity":-99,"woe_name":"Al-Basrah","latitude":30.6802,"longitude":47.5605,"admin":"Iraq","gn_a1_code":"02","min_zoom":6.7},"geometry":{"type":"Polygon","coordinates":[[[46.5613873881804,29.124024584103378],[46.56179494999534,29.12502274615425],[46.56709325358952,29.14964407674249],[46.58869402978116,29.350940090335534],[46.59643770426496,29.3772250243419],[46.60825699689812,29.39985003082839],[46.64534512205736,29.455747105677368],[46.64942074020673,29.481699319000107],[46.6502358638366,29.60979678219568],[46.66287028009964,29.710611149334017],[46.74438264308697,30.089247287299113],[46.74479020490191,30.117861266090852],[46.741529710382416,30.143480758729968],[46.735823844973304,30.163443999747457],[46.7268574850447,30.182409078714077],[46.62863508764495,30.30651389370615],[46.61600067138192,30.331800665661643],[46.60744187326825,30.35974920308613],[46.591139400670784,30.452245553133842],[46.57483692807331,30.514131600288067],[46.9012939418376,30.59132279888904],[46.919634223509746,30.59065735752179],[47.05820524058822,30.569030513086172],[47.08836481489354,30.57368860265692],[47.09447824211759,30.60196986076503],[47.089179938523415,30.67483569047888],[47.090402623968224,30.697127976281745],[47.096516051192275,30.72574195507348],[47.12219244553329,30.838866987505938],[47.13482686179632,31.04681741477148],[47.12626806368265,31.12966486499407],[47.137272232685945,31.19121819146467],[47.15602007617303,31.216172242736537],[47.17639816691987,31.23081195281603],[47.21104092118948,31.244786221528273],[47.349611938267955,31.27606196578901],[47.39485129972593,31.279056451941635],[47.53749793495377,31.267078507331142],[47.67606895203224,31.236468204437653],[47.67647651384718,31.236468204437653],[47.67280845751275,30.994580267442373],[48.00171084216666,30.994580267442373],[48.012307449355006,30.988924015820754],[48.0155679438745,30.976280629843007],[48.011899887540075,30.4945010799542],[48.01353013479982,30.463890777060712],[48.11949620668336,30.450914670399342],[48.13050037568665,30.447587463563096],[48.141096982875005,30.441931211941473],[48.15780701728741,30.426293339811103],[48.170441433550444,30.406662819477237],[48.17940779347905,30.384703254357994],[48.18755902977779,30.340784124119512],[48.19204220974209,30.331135224294393],[48.20019344604082,30.323815369254646],[48.211197615044114,30.319490000367523],[48.22301690767728,30.318159117633023],[48.23524376212538,30.318491838316646],[48.271516763654745,30.323815369254646],[48.28415117991778,30.32348264857102],[48.29637803436588,30.319822721051146],[48.305751956109425,30.312835586695023],[48.32613004685626,30.283556166536037],[48.35832743023626,30.251947701591675],[48.39704580265524,30.22100467801456],[48.40356679169423,30.21268666092394],[48.408865095288405,30.20237231973157],[48.41049534254815,30.191392537171946],[48.408049971658535,30.18074547529595],[48.400713858989675,30.17242745820533],[48.39093237543119,30.164774882481957],[48.38318870094739,30.156456865391338],[48.381150891872714,30.145477082831714],[48.38318870094739,30.138489948475595],[48.395415555395495,30.115199500621852],[48.415386084327395,30.095568980287986],[48.42109194973651,30.085254639095616],[48.42394488244106,30.08359103567749],[48.442285164113216,30.034015653817384],[48.444322973187894,30.021039547156015],[48.4532893331165,30.00140902682215],[48.45777251308081,29.994754613149652],[48.464293502119794,29.98909836152803],[48.47815060382764,29.979782182386533],[48.4932303909803,29.971796885979536],[48.523797527100555,29.964144310256163],[48.531133639769415,29.961482544787167],[48.530726077954476,29.960817103419917],[48.530726077954476,29.956159013849167],[48.55477222503574,29.956491734532793],[48.559255405000044,29.946510114024047],[48.54702855055194,29.934864890097174],[48.52053703258106,29.928875917791927],[48.41171802799296,29.93852481761705],[48.3355039685998,29.961482544787167],[48.299638528885374,29.98444027195728],[48.26458821280082,29.994089171782402],[48.20915980596943,30.024366753992265],[48.16595825358614,30.03767558133726],[48.11908864486842,30.044995436377008],[48.07629465430007,30.045660877744258],[48.03839140551096,30.03701013997001],[47.96910589697172,30.00407079229115],[47.96176978430286,30.03035572629751],[47.958509289783365,30.060633308507374],[47.951580738929444,30.08824912524824],[47.93487070451704,30.107214204214856],[47.94709755896514,30.07460757721962],[47.94832024440995,30.0622969119255],[47.94587487352033,30.04932080526413],[47.94179925537097,30.037342860653634],[47.94098413174109,30.026363078094015],[47.94832024440995,30.01771234031977],[47.94791268259501,29.994089171782402],[47.731497358863635,30.088581845931863],[47.67403114295756,30.098230745756986],[47.4156369522877,30.098230745756986],[47.358170736381624,30.092241773451736],[47.19718381948164,30.03434837450101],[47.144608345354804,30.0034053509239],[47.110373152900124,29.960817103419917],[47.02560029539329,29.772164475804615],[46.988919732048984,29.712607473435764],[46.98362142845481,29.698300484039894],[46.97995337212038,29.66802290183003],[46.97750800123076,29.658041281321285],[46.9579450341138,29.620443844071676],[46.88295366016545,29.51264234257722],[46.85360920949,29.44443460243412],[46.838529422337345,29.425136802783882],[46.77454221739229,29.36358347631328],[46.71177769789204,29.271419846949193],[46.5613873881804,29.124024584103378]]]}},{"type":"Feature","properties":{"id":"MU","featurecla":"Admin-1 scale rank","scalerank":5,"adm1_code":"IRQ-3223","diss_me":3223,"iso_3166_2":"IQ-MU","wikipedia":"","iso_a2":"IQ","adm0_sr":1,"name":"Al-Muthannia","name_alt":"Al-Muthanna","name_local":"","type_en":"Province","code_local":"","note":"","hasc_maybe":"","postal":"MU","sameascity":-99,"woe_name":"Al-Muthannia","latitude":30.4381,"longitude":45.2843,"admin":"Iraq","gn_a1_code":"03","min_zoom":6.7},"geometry":{"type":"Polygon","coordinates":[[[46.5613873881804,29.124024584103378],[46.53245049931989,29.09574332599526],[46.488433823306735,29.087425308904642],[46.44482470910851,29.079440012497646],[46.427299551066234,29.076112805661396],[46.40121559491028,29.071121995407022],[46.35760648071206,29.063136699000026],[46.25204797064345,29.07145471609065],[46.175833911250294,29.077443688395896],[46.099619851857135,29.083432660701142],[46.023813354278914,29.089754353690015],[45.94719173307081,29.09574332599526],[45.84489371752171,29.103728622402258],[45.7425957019726,29.111713918809258],[45.63989012460855,29.120031935899878],[45.537592109059446,29.128017232306874],[45.4348865316954,29.136335249397497],[45.33258851614629,29.144320545804494],[45.22988293878224,29.15230584221149],[45.12758492323314,29.160623859302113],[45.047702807505544,29.166945552290983],[44.96822825359289,29.173267245279856],[44.88875369968024,29.17958893826873],[44.808871583952644,29.185910631257602],[44.71757773740683,29.19323048629735],[44.71105674836784,29.1952268103991],[44.704535759328856,29.197555855184472],[44.698422332104805,29.199552179286222],[44.691901343065815,29.201881224071595],[44.61487216004278,29.256114695502447],[44.519910257162536,29.32332427359467],[44.42413323065241,29.390533851686893],[44.32876376595723,29.457743429779118],[44.23380186307698,29.52495300787134],[44.119276993079765,29.605804133992184],[44.00475212308256,29.686655260113024],[43.89022725308535,29.76750638623387],[43.824202239065606,29.814087281941347],[43.836836655328646,29.83338508159159],[44.05651247357952,30.167103927267334],[44.2362472339666,30.615278688110028],[44.27211267368103,30.67616657321338],[44.3128688551747,30.722414748237235],[44.32876376595723,30.736056296265854],[44.378078745564565,30.766999319842967],[44.438397894175196,30.788958884962206],[44.44532644502912,30.792951533165706],[44.494233862821524,30.858497507839804],[44.53295223524051,30.898091269191163],[44.57941428214329,30.934357823706275],[44.62709901449088,31.006890932736496],[44.651145161572146,31.054802711178475],[44.72695165915037,31.407486635820835],[44.897312497793905,31.30001785501],[44.978417298966306,31.26275313844402],[44.999202951528076,31.366561991734976],[45.061967471028325,31.51329181321354],[45.093349730778456,31.565528960542647],[45.108429517931114,31.601462794374132],[45.110059765190854,31.61643522513725],[45.088051427184276,31.625085962911495],[45.081122876330355,31.63506758342024],[45.07663969636605,31.646712807347114],[45.070526269142,31.655696265804984],[45.06359771828807,31.659023472641234],[45.04566499843086,31.664679724262854],[45.03629107668732,31.669337813833604],[45.02487934586909,31.67931943434235],[45.04811036932048,31.6813157584441],[45.20991240985035,31.714587826806586],[45.22010145522376,31.729560257569705],[45.29223989646756,31.727563933467955],[45.53596186179969,31.686639289382097],[45.71325125129715,31.63706390752199],[45.75563768005057,31.63772934888924],[45.777646018057155,31.643718321194488],[45.785797254355884,31.65137089691786],[45.81758707592095,31.62042787334075],[45.82288537951512,31.605788163261256],[45.82166269407031,31.600797353006882],[45.821255132255374,31.586823084294636],[45.82247781770019,31.573514256949643],[45.82166269407031,31.566194401909897],[45.81962488499563,31.561536312339147],[45.81554926684626,31.560205429604647],[45.81106608688196,31.560870870971897],[45.80128460332348,31.56785800532802],[45.7959862997293,31.57051977079702],[45.79028043432019,31.572516094898766],[45.784574568911076,31.56852344669527],[45.779683827131834,31.560870870971897],[45.773162838092844,31.53924402653628],[45.77357039990778,31.53026056807841],[45.777238456242216,31.524604316456788],[45.78253675983639,31.522607992355038],[45.7882426252455,31.521609830304165],[45.79394849065462,31.514955416631665],[45.799246794248795,31.50364291338842],[45.805767783287784,31.473032610494933],[45.80699046873259,31.459723783149936],[45.8037299742131,31.448078559223067],[45.7348520274888,31.374214567458345],[45.723847858485506,31.35591492985898],[45.72629322937513,31.341940661146737],[45.75441499460576,31.337615292259613],[45.80943583962221,31.335618968157863],[45.75196962371614,31.21916672888916],[45.74096545471285,31.18722554326117],[45.743003263787536,31.17624576070155],[45.7625662309045,31.169591347029055],[45.76623428723892,31.16593141950918],[45.778053579872086,31.157946123102185],[45.78620481617082,31.154618916265935],[45.792318243394874,31.151957150796935],[45.79557873791437,31.141975530288192],[45.79435605246955,31.124341334056073],[45.78865018706044,31.093731031162584],[45.78131407439158,31.083416689970214],[45.76908721994348,31.08175308655209],[45.74911669101158,31.08807477954096],[45.73362934204399,31.086411176122837],[45.72629322937513,31.072769628094218],[45.72140248759589,31.047150135455105],[45.715696622186776,31.028850497855736],[45.71162100403741,30.999238357013123],[45.70591513862829,30.97727879189388],[45.71977224033614,30.837536104771438],[46.21047666551991,30.78230447128971],[46.371463582419906,30.733394530796854],[46.46316499078066,30.60263530213228],[46.50432873408926,30.529436751734814],[46.515332903092556,30.51646064507344],[46.52837488117053,30.507809907299194],[46.54141685924851,30.507144465931944],[46.57483692807331,30.514131600288067],[46.591139400670784,30.452245553133842],[46.60744187326825,30.35974920308613],[46.61600067138192,30.331800665661643],[46.62863508764495,30.30651389370615],[46.7268574850447,30.182409078714077],[46.735823844973304,30.163443999747457],[46.741529710382416,30.143480758729968],[46.74479020490191,30.117861266090852],[46.74438264308697,30.089247287299113],[46.66287028009964,29.710611149334017],[46.6502358638366,29.60979678219568],[46.64942074020673,29.481699319000107],[46.64534512205736,29.455747105677368],[46.60825699689812,29.39985003082839],[46.59643770426496,29.3772250243419],[46.58869402978116,29.350940090335534],[46.56709325358952,29.14964407674249],[46.56179494999534,29.12502274615425],[46.5613873881804,29.124024584103378]]]}},{"type":"Feature","properties":{"id":"SU","featurecla":"Admin-1 scale rank","scalerank":5,"adm1_code":"IRQ-3242","diss_me":3242,"iso_3166_2":"IQ-SU","wikipedia":"","iso_a2":"IQ","adm0_sr":1,"name":"As-Sulaymaniyah","name_alt":"","name_local":"","type_en":"Province","code_local":"","note":"","hasc_maybe":"","postal":"SU","sameascity":-99,"woe_name":"As-Sulaymaniyah","latitude":35.332,"longitude":45.4331,"admin":"Iraq","gn_a1_code":"05","min_zoom":6.7},"geometry":{"type":"Polygon","coordinates":[[[45.00939199690149,36.51608001219703],[45.02528690768403,36.50510022963741],[45.038328885762,36.49412044707779],[45.039144009391876,36.47981345768192],[45.04566499843086,36.4714954405913],[45.054223796544534,36.464841026918805],[45.061967471028325,36.45519212709368],[45.06685821280757,36.44221602043231],[45.068488460067314,36.43256712060719],[45.07215651640175,36.423250941465696],[45.08356824721997,36.412936600273326],[45.11087488882073,36.40262225908095],[45.13981177768123,36.40428586249907],[45.1960553081425,36.42258550009844],[45.22132414066857,36.42092189668032],[45.238849298710846,36.40295497976457],[45.24944590589921,36.37800092849271],[45.25433664767844,36.35471048063897],[45.257189580383,36.31178951245136],[45.26411813123693,36.294155316219246],[45.28286597472401,36.274857516569],[45.258412265827815,36.26221413059126],[45.26411813123693,36.25023618598076],[45.28286597472401,36.23825824137027],[45.29753820006173,36.2266130174434],[45.302021380026034,36.20764793847678],[45.299576009136416,36.16139976345292],[45.30446675091566,36.14043836038456],[45.335441448850844,36.10783173338932],[45.34848342692882,36.0875357716882],[45.34400024696451,36.06757253067071],[45.33177339251642,36.05160193785672],[45.319546538068316,36.03097325547198],[45.313840672659204,36.01034457308724],[45.320361661698186,35.99437398027324],[45.320361661698186,35.994041259589615],[45.320361661698186,35.994041259589615],[45.320361661698186,35.994041259589615],[45.33788681974046,35.97940154951012],[45.35948759593211,35.97673978404112],[45.381903495753626,35.98306147702999],[45.40146646287059,35.994041259589615],[45.40146646287059,35.994041259589615],[45.401874024685526,35.994041259589615],[45.401874024685526,35.994041259589615],[45.402281586500465,35.99437398027324],[45.41980674454274,35.99836662847674],[45.45322681336755,36.01167545582173],[45.479310769523494,36.01200817650536],[45.50131910753008,36.00535376283286],[45.54003747994906,35.994041259589615],[45.5771256051083,35.96609272216513],[45.58976002137134,35.95977102917625],[45.61706666297209,35.95544566028913],[45.64681867546248,35.93315337448627],[45.69328072236526,35.87991806510629],[45.71854955489133,35.82834635914443],[45.731183971154366,35.81503753179944],[45.74911669101158,35.81104488359594],[45.78661237798576,35.82036106273743],[45.798024108803986,35.81836473863569],[45.81432658140145,35.80938128017782],[45.83470467214829,35.81037944222869],[45.854267639265245,35.81836473863569],[45.87831378634651,35.835333493500556],[45.88850283171993,35.835000772816926],[45.89869187709335,35.83233900734793],[45.9092884842817,35.831340845297056],[45.941078305846766,35.840324303754926],[46.00506551079182,35.837995258969556],[46.02503603972372,35.84331878990755],[46.044191445025746,35.85230224836542],[46.06049391762321,35.857293058619796],[46.07679639022068,35.85696033793617],[46.10777108815587,35.84731143811105],[46.11510720082473,35.84631327606017],[46.119997942603966,35.842986069223926],[46.12488868438321,35.82235738683919],[46.12896430253257,35.81570297316669],[46.135077729756624,35.81004672154506],[46.14322896605536,35.80439046992344],[46.16360705680219,35.79740333556732],[46.1848002711789,35.79806877693457],[46.22759426174726,35.80572135265794],[46.24634210523434,35.81137760427956],[46.263459701461684,35.82102650410469],[46.2813924213189,35.82834635914443],[46.302993197510546,35.82668275572631],[46.319703231922944,35.81703385590119],[46.3270393445918,35.80339230787257],[46.325001535517124,35.7877544357422],[46.31318224288396,35.77145112224458],[46.297694893916365,35.75980589831771],[46.26712775779611,35.74416802618734],[46.2536782179032,35.72786471268972],[46.23778330712067,35.7155540473956],[46.2169976545589,35.71355772329385],[46.17787172032498,35.7155540473956],[46.127741617087764,35.69359448227636],[46.106955964525994,35.68993455475649],[46.03726289417182,35.691598158174614],[46.01647724161005,35.68560918586937],[46.003842825347014,35.67429668262612],[45.99569158904828,35.65832608981213],[45.99243109452878,35.641024614263635],[45.99243109452878,35.62438858008239],[46.00221257808727,35.5857929807819],[45.99935964538271,35.57215143275329],[45.96879250926246,35.57980400847666],[45.963901767483215,35.57980400847666],[45.95941858751891,35.57880584642578],[45.96797738563259,35.558509884724664],[45.97938911645081,35.53954480575805],[45.983057172785244,35.535219436870925],[45.98468742004499,35.531226788667425],[45.983057172785244,35.5269014197803],[45.97938911645081,35.52290877157681],[45.971237880152074,35.51791796132243],[45.9659395765579,35.51159626833356],[45.96349420566828,35.50327825124294],[45.963901767483215,35.49429479278507],[45.976943745561194,35.4653480933097],[46.04093095050625,35.381502481036236],[46.09635935733764,35.34124327831763],[46.119997942603966,35.318618271831134],[46.127334055272826,35.289006130988525],[46.12529624619815,35.285013482785025],[46.119997942603966,35.27503186227628],[46.10777108815587,35.262721196982156],[46.098804728227265,35.25007781100442],[46.10165766093182,35.23443993887405],[46.11551476263966,35.22645464246705],[46.154233135058654,35.22678736315068],[46.169312922211304,35.21614030127468],[46.16564486587688,35.189855367268315],[46.1436365278703,35.15957778505845],[46.13059454979232,35.13129652695034],[46.15097264053916,35.111666006616474],[46.14322896605536,35.09935534132235],[46.13222479705207,35.094697251751604],[46.119997942603966,35.09270092764985],[46.09472911007789,35.08571379329373],[46.07679639022068,35.08970644149723],[46.06660734484726,35.08870827944635],[46.03970826506144,35.07539945210136],[46.02503603972372,35.06441966954174],[46.00914112894119,35.060759742021865],[45.97938911645081,35.07140680389786],[45.96634713837284,35.07074136253061],[45.95615809299942,35.07440129005049],[45.934964878622715,35.085381072610105],[45.92029265328499,35.08970644149723],[45.91336410243107,35.08737739671186],[45.89950700072322,35.068745038428865],[45.89828431527841,35.06375422817449],[45.901137247982966,35.05144356288037],[45.89909943890829,35.04678547330962],[45.892986011684236,35.04445642852425],[45.87912890997639,35.04312554578975],[45.8726079209374,35.041461942371626],[45.86201131374904,35.03281120459738],[45.8571205719698,35.0211659806705],[45.85671301015487,35.00818987400913],[45.859565942859426,34.99454832598052],[45.859565942859426,34.994215605296894],[45.86893986460297,34.968263391974155],[45.86649449371335,34.94963103369116],[45.85793569559968,34.93133139609179],[45.85019202111588,34.90671006550355],[45.83511223396322,34.89007403132231],[45.8082131541774,34.89772660704568],[45.79639386154424,34.903050137983676],[45.78987287250525,34.91436264122692],[45.78009138894677,35.005860829223764],[45.78172163620652,35.01284796357989],[45.7837594452812,35.01451156699801],[45.78661237798576,35.01417884631439],[45.79435605246955,35.01484428768163],[45.798431670618925,35.01417884631439],[45.80291485058323,35.01284796357989],[45.806582906917654,35.01218252221263],[45.811881210511835,35.01218252221263],[45.8159568286612,35.01318068426351],[45.820032446810565,35.01451156699801],[45.82329294133006,35.01617517041613],[45.81228877232677,35.030482159812],[45.743818387417406,35.09003916218085],[45.73852008382323,35.0973590172206],[45.73362934204399,35.1013516654241],[45.72629322937513,35.1066751963621],[45.7193646785212,35.110002403198344],[45.71284368948222,35.110002403198344],[45.7071378240731,35.1066751963621],[45.698171464144494,35.09902262063873],[45.696948778699685,35.09369908970073],[45.696133655069815,35.08704467602823],[45.69246559873538,35.081721145090235],[45.68675973332627,35.07573217278498],[45.676163126137915,35.06541783159261],[45.67086482254374,35.05876341792012],[45.66678920439437,35.05077812151312],[45.66434383350475,35.04678547330962],[45.656192597206015,35.043790987156996],[45.65333966450146,35.042460104422496],[45.6504867317969,35.040131059637126],[45.648041360907285,35.03913289758625],[45.64641111364754,35.0397983389535],[45.64641111364754,35.04179466305525],[45.64641111364754,35.04445642852425],[45.64559599001767,35.04678547330962],[45.64315061912804,35.04878179741137],[45.63989012460855,35.04745091467687],[45.63622206827412,35.04445642852425],[45.63010864105007,35.03514024938275],[45.627663270160454,35.02981671844475],[45.628070831975386,35.02183142203776],[45.63092376467994,35.01983509793601],[45.633369135569566,35.01916965656876],[45.63662963008906,35.02016781861963],[45.63907500097868,35.02083325998688],[45.640705248238426,35.01916965656876],[45.63948256279362,35.01584244973251],[45.63499938282931,35.008522594692764],[45.62644058471564,35.00419722580564],[45.62277252838121,34.99987185691852],[45.61910447204678,34.98556486752265],[45.6093229884883,34.978577733166524],[45.61136079756298,34.97258876086128],[45.61421373026754,34.971923319494024],[45.62399521382602,34.97125787812678],[45.627663270160454,34.970592436759524],[45.63051620286501,34.969261554025024],[45.63214645012475,34.9675979506069],[45.63255401193969,34.965601626505155],[45.63214645012475,34.96260714035253],[45.63214645012475,34.95994537488353],[45.62970107923513,34.953623681894655],[45.62440277564096,34.94430750275316],[45.6015793140045,34.9140299205433],[45.59302051589083,34.90504646208543],[45.56734412154982,34.885748662435184],[45.56449118884527,34.88541594175156],[45.56123069432577,34.886081383118814],[45.55797019980628,34.885748662435184],[45.55552482891666,34.88375233833344],[45.55470970528678,34.87842880739544],[45.5526718962121,34.87343799714107],[45.54818871624779,34.86711630415219],[45.538407232689316,34.858465566377944],[45.53107112002046,34.843160414931205],[45.52740306368602,34.831515191004335],[45.51925182738729,34.813215553404966],[45.517621580127546,34.80889018451784],[45.51558377105286,34.80589569836522],[45.50987790564375,34.80356665357984],[45.504987163864506,34.800239446743596],[45.500096422085264,34.79524863648922],[45.48705444400729,34.76663465769748],[45.476050275004,34.75066406488349],[45.47278978048451,34.74334420984374],[45.47034440959489,34.73802067890575],[45.47034440959489,34.735026192753125],[45.46912172415008,34.730700823866],[45.46912172415008,34.727040896346125],[45.46952928596502,34.72371368950988],[45.47034440959489,34.72105192404088],[45.470751971409825,34.71839015857188],[45.47034440959489,34.715395672419255],[45.46789903870527,34.70807581737951],[45.46545366781565,34.70308500712513],[45.45404193699742,34.686781693627516],[45.450781442477926,34.677465514486016],[45.450373880662994,34.67480374901702],[45.44915119521818,34.67214198354802],[45.444668015253875,34.66681845261002],[45.437331902585015,34.66216036303928],[45.41858405909793,34.65350962526503],[45.408395013724515,34.649849697745154],[45.39983621561084,34.64818609432703],[45.39372278838679,34.64818609432703],[45.38353374301337,34.646189770225284],[45.37986568667895,34.646189770225284],[45.37252957401009,34.64652249090891],[45.35908003411717,34.636873591083784],[45.25026102952908,34.528739368905704],[45.217248522519206,34.51276877609171],[45.21439558981465,34.52840664822208],[45.2127653425549,34.53306473779283],[45.20991240985035,34.53605922394545],[45.20624435351591,34.536724665312704],[45.20298385899642,34.536724665312704],[45.19931580266199,34.53705738599633],[45.191572128178194,34.539053710098074],[45.18871919547364,34.54105003419983],[45.18627382458402,34.545708123770574],[45.18627382458402,34.54936805129044],[45.19360993725288,34.56034783385007],[45.1960553081425,34.56700224752257],[45.197685555402245,34.573323940511436],[45.198093117217184,34.578647471449436],[45.197277993587306,34.583638281703806],[45.191164566363256,34.59861071246693],[45.18994188091845,34.604599684772175],[45.18953431910351,34.61058865707742],[45.191164566363256,34.61524674664817],[45.19360993725288,34.61957211553529],[45.20746703896073,34.63221550151304],[45.211950218925026,34.63753903245104],[45.21358046618477,34.64153168065454],[45.21358046618477,34.64585704954166],[45.20216873536655,34.67114382149715],[45.19687043177237,34.69410154866726],[45.19564774632756,34.70075596233976],[45.19564774632756,34.70541405191051],[45.1960553081425,34.71040486216488],[45.1960553081425,34.716726555153755],[45.19197968999313,34.73935156164025],[45.18912675728858,34.77461995410448],[45.18586626276908,34.78360341256235],[45.177307464655414,34.79425047443835],[45.169563790171615,34.80223577084534],[45.156114250278705,34.811884670670466],[45.14592520490528,34.815877318873966],[45.13369835045719,34.819537246393836],[45.11250513608048,34.82153357049559],[45.100685843447316,34.82053540844471],[45.09212704533364,34.818539084342966],[45.068488460067314,34.80722658109972],[45.0627825946582,34.805562977681596],[45.055854043804274,34.806893860416096],[45.04974061658022,34.81088650861959],[45.039959133021746,34.82153357049559],[45.019173480459976,34.83883504604408],[44.965782882703266,34.86744902483582],[44.96333751181365,34.93865125113154],[44.96659800633314,34.95196007847653],[44.96741312996301,34.956618168047285],[44.96659800633314,34.960278095567155],[44.964152635443526,34.96460346445428],[44.951925780995424,34.97658140906478],[44.86593023804378,35.02615679092488],[44.828434551069606,35.0318130425465],[44.719207984666575,35.03580569075],[44.70209038843923,35.030482159812],[44.679266926802775,35.03580569075],[44.66296445420531,35.04212738373887],[44.561889124101015,35.12896748216497],[44.60631336192911,35.159910505742076],[44.68415766858202,35.17987374675957],[44.69475427577037,35.18819176385019],[44.69760720847493,35.19684250162444],[44.69067865762101,35.210484049653054],[44.6894559721762,35.2178039046928],[44.68986353399113,35.22645464246705],[44.6939391521405,35.235438100924924],[44.70412819751392,35.24808148690266],[44.71635505196202,35.255068621258786],[44.725321411890626,35.25939399014591],[44.732657524559485,35.26105759356403],[44.73632558089391,35.265715683134786],[44.739178513598475,35.27170465544003],[44.74203144630303,35.285013482785025],[44.75262805349138,35.30630760653702],[44.75711123345569,35.32194547866739],[44.75303561530632,35.33658518874688],[44.746922188082266,35.35355394361175],[44.74406925537771,35.368526374374866],[44.75140536804657,35.38782417402511],[44.788085931390874,35.428416097427345],[44.79827497676429,35.44538485229221],[44.80357328035847,35.459359121004454],[44.802350594913655,35.4706716242477],[44.78319518961163,35.492298468683316],[44.761594413419985,35.51159626833356],[44.755073424381,35.52191060952593],[44.75262805349138,35.531559509351055],[44.75588854801087,35.56050620882642],[44.75914904253037,35.5964400426579],[44.76322466067974,35.60808526658477],[44.76526246975442,35.63337203854026],[44.76933808790378,35.64401910041626],[44.78645568413113,35.66897315168812],[44.78523299868632,35.68560918586937],[44.77708176238758,35.70557242688686],[44.7306197154848,35.738844495249346],[44.70779625384834,35.76446398788846],[44.68252742132227,35.78708899437495],[44.62709901449088,35.88557431672791],[44.64543929616303,35.892561451084035],[44.64829222886759,35.892228730400404],[44.65318297064683,35.89056512698228],[44.65603590335139,35.887237920146035],[44.66011152150075,35.88391071330979],[44.663779577835186,35.88424343399341],[44.67478374683847,35.889566964931404],[44.678859364987844,35.889566964931404],[44.6817122976924,35.88790336151328],[44.68375010676708,35.885907037411535],[44.68375010676708,35.883245271942535],[44.68375010676708,35.88091622715716],[44.68415766858202,35.877921741004535],[44.68782572491645,35.87392909280104],[44.692716466695686,35.87326365143379],[44.698422332104805,35.87392909280104],[44.72246847918607,35.87991806510629],[44.73021215366987,35.879585344422665],[44.7351028954491,35.878254461688165],[44.74040119904328,35.871600048015665],[44.746107064452396,35.867607399812165],[44.75140536804657,35.86727467912854],[44.75711123345569,35.868938282546665],[44.76240953704986,35.87193276869929],[44.77096833516353,35.874261813484665],[44.77748932420252,35.87392909280104],[44.78197250416682,35.87259821006654],[44.78604812231619,35.86860556186304],[44.78971617865062,35.863947472292296],[44.79786741494935,35.85895666203792],[44.80275815672859,35.85829122067067],[44.80561108943315,35.86062026545604],[44.80642621306303,35.863947472292296],[44.8072413366929,35.87060188596479],[44.80927914576758,35.87359637211741],[44.8117245166572,35.876923578953665],[44.816207696621504,35.88025078578991],[44.81906062932606,35.88025078578991],[44.82272868566049,35.879252623739035],[44.82598918017999,35.87725629963729],[44.82802698925467,35.874261813484665],[44.828842112884544,35.85962210340517],[44.83087992195922,35.85429857246717],[44.83332529284885,35.85263496904905],[44.83658578736834,35.853633131099926],[44.84595970911188,35.861285706823296],[44.86144705807948,35.86561107571042],[44.86715292348859,35.87193276869929],[44.86593023804378,35.874261813484665],[44.85492606904049,35.89056512698228],[44.855741192670365,35.89322689245128],[44.85859412537492,35.894890495869404],[44.86674536167365,35.89588865792028],[44.870005856193146,35.89588865792028],[44.8761192834172,35.893559613134904],[44.87978733975163,35.89322689245128],[44.890383946939984,35.89455777518578],[44.895274688719226,35.89389233381853],[44.898535183238714,35.892228730400404],[44.903425925017956,35.88823608219691],[44.90546373409264,35.88690519946241],[44.90790910498226,35.88557431672791],[44.90953935224201,35.883245271942535],[44.91483765583618,35.880583506473535],[44.924619139394665,35.878254461688165],[44.94744260103112,35.877921741004535],[44.958039208219475,35.879252623739035],[44.964967759073396,35.88124894784079],[44.971488748112385,35.88557431672791],[44.973526557187064,35.88823608219691],[44.97556436626175,35.89422505450216],[44.9771946135215,35.89655409928753],[44.977602175336436,35.89855042338928],[44.9771946135215,35.901544909541904],[44.97597192807669,35.904206675010904],[44.9694509390377,35.9108610886834],[44.90138811594327,35.938144184740636],[44.876934407047074,35.952451174136506],[44.84514458548201,35.9764070633575],[44.77178345879341,36.04827473102047],[44.76240953704986,36.05459642400934],[44.7505902444167,36.06091811699822],[44.72776678278024,36.06890341340521],[44.62750657630582,36.126796812355934],[44.62220827271164,36.136112991497434],[44.617725092747335,36.14875637747518],[44.63932586893898,36.16273064618743],[44.64706954342278,36.1690523391763],[44.652367847016954,36.1757067528488],[44.657666150611135,36.18402476993941],[44.66540982509493,36.188682859510166],[44.68864084854632,36.19733359728441],[44.698014770289866,36.20598433505866],[44.69516183758531,36.214302352149275],[44.6894559721762,36.22195492787265],[44.63932586893898,36.27086486836551],[44.6295443853805,36.277519282038],[44.61894777819215,36.27785200272163],[44.61242678915316,36.27419207520175],[44.60264530559468,36.265208616743884],[44.54517908968861,36.33607812235598],[44.53947322427949,36.34772334628285],[44.53988078609443,36.36901747003484],[44.5728932931043,36.3926406385722],[44.58389746210759,36.40561674523357],[44.603052867409616,36.42391638283294],[44.63362000352987,36.442548741115935],[44.65481321790658,36.44820499273756],[44.671115690504045,36.44620866863581],[44.699645017549614,36.43955425496331],[44.74569950263746,36.445210506584935],[44.78930861683568,36.45452668572643],[44.841068967332646,36.47582080947842],[44.863077305339225,36.4794807369983],[44.883862957900995,36.480146178365544],[44.92624938665441,36.4714954405913],[44.96089214092403,36.46949911648955],[44.97515680444681,36.473824485376674],[44.98656853526504,36.480146178365544],[45.00001807515795,36.49678221254679],[45.00531637875213,36.50676383305554],[45.00939199690149,36.51608001219703],[45.00939199690149,36.51608001219703]]]}},{"type":"Feature","properties":{"id":"DI","featurecla":"Admin-1 scale rank","scalerank":5,"adm1_code":"IRQ-3243","diss_me":3243,"iso_3166_2":"IQ-DI","wikipedia":"","iso_a2":"IQ","adm0_sr":1,"name":"Diyala","name_alt":"","name_local":"","type_en":"Province","code_local":"","note":"","hasc_maybe":"","postal":"DI","sameascity":-99,"woe_name":"Diyala","latitude":33.9882,"longitude":45.1046,"admin":"Iraq","gn_a1_code":"10","min_zoom":6.7},"geometry":{"type":"Polygon","coordinates":[[[45.79639386154424,34.903050137983676],[45.778461141687025,34.911035434390676],[45.75523011823563,34.9100372723398],[45.74830156738171,34.89073947268956],[45.750339376456395,34.86545270073407],[45.74544863467715,34.84083137014583],[45.717734431261455,34.82519349801546],[45.68920510421589,34.82253173254646],[45.676570687952854,34.818206363659336],[45.66678920439437,34.806893860416096],[45.66352870987488,34.794915915805596],[45.6659740807645,34.77461995410448],[45.662713586245005,34.763307450861234],[45.63499938282931,34.73702251685487],[45.627255708345515,34.720719203357255],[45.64233549549817,34.70674493464501],[45.6504867317969,34.70308500712513],[45.65945309172551,34.697096034819886],[45.66678920439437,34.69010890046376],[45.6704572607288,34.68179088337314],[45.67331019343336,34.67114382149715],[45.6782009352126,34.6651548491919],[45.683499238806775,34.66016403893752],[45.68757485695615,34.65317690458141],[45.690835351475634,34.634211825614784],[45.69124291329057,34.6155794673318],[45.69450340781007,34.59861071246693],[45.70550757681336,34.58563460580556],[45.70836050951792,34.57898019213306],[45.70836050951792,34.568333130257066],[45.70550757681336,34.55768606838107],[45.70143195866399,34.5513643753922],[45.695726093254876,34.55036621334132],[45.6737177552483,34.5566879063302],[45.604839808524,34.56101327521732],[45.573865110588805,34.56733496820619],[45.539629918134125,34.582307398969306],[45.5005039839002,34.591623578110806],[45.49642836575084,34.56434048205357],[45.504987163864506,34.523748558651334],[45.50335691660476,34.49413641780872],[45.498873736640455,34.48615112140172],[45.49316787123134,34.4791639870456],[45.48664688219235,34.472842294056726],[45.479310769523494,34.4671860424351],[45.42673529539666,34.45753714260998],[45.416953811838184,34.444228315264986],[45.44792850977337,34.362046306409646],[45.46097048785134,34.34041946197403],[45.479310769523494,34.32910695873078],[45.499281298455394,34.342415786075776],[45.52169719827691,34.342415786075776],[45.54207528902374,34.33143600351616],[45.55756263799134,34.31180548318229],[45.56286094158552,34.289180476695805],[45.56082313251083,34.26455914610756],[45.54778115443286,34.21664736766558],[45.54289041265362,34.20733118852408],[45.52862574913084,34.188698830241094],[45.52658794005615,34.179382651099594],[45.531478681835395,34.16807014785635],[45.538814794504255,34.15908668939848],[45.54452065991337,34.150768672307855],[45.54452065991337,34.13945616906461],[45.53433161453995,34.12814366582137],[45.49398299486121,34.1005278490805],[45.479310769523494,34.08755174241913],[45.4548570606273,34.069917546187014],[45.443445329809066,34.04762526038415],[45.435294093510336,34.022005767745036],[45.41980674454274,33.994389951004166],[45.41980674454274,33.994389951004166],[45.41980674454274,33.994389951004166],[45.411655508244,33.98707009596442],[45.401874024685526,33.98174656502643],[45.38027324849388,33.973428547935804],[45.40105890105565,33.94947265871481],[45.423882362692105,33.93882559683882],[45.44955875703312,33.93749471410432],[45.479310769523494,33.94115464162419],[45.48175614041312,33.940821920940564],[45.4837939494878,33.94015647957332],[45.48583175856248,33.938492876155195],[45.57468023421868,33.804073719970745],[45.58812977411159,33.791430333993],[45.60361712307919,33.780783272117006],[45.61665910115716,33.76880532750651],[45.62399521382602,33.75216929332527],[45.628070831975386,33.73187333162415],[45.63499938282931,33.714239135392035],[45.64518842820273,33.69793582189441],[45.65863796809564,33.681632508396795],[45.67412531706323,33.66898912241905],[45.72099492578095,33.64070786431094],[45.72466298211538,33.63305528858756],[45.72792347663488,33.62573543354782],[45.72792347663488,33.590134320399955],[45.73444446567386,33.58314718604383],[45.75196962371614,33.58680711356371],[45.76827209631361,33.59579057202158],[45.79761654698905,33.61941374055895],[45.8159568286612,33.62573543354782],[45.86445668463867,33.62640087491506],[45.88605746083031,33.63105896448582],[45.88198184268094,33.6001159409087],[45.89950700072322,33.585143510145585],[45.92070021509993,33.57283284485146],[45.92803632776879,33.55087327973222],[45.91580947332069,33.535900848969106],[45.868124740973094,33.51161223906449],[45.852637392005505,33.494310763516],[45.86975498823284,33.482000098221874],[45.89950700072322,33.47634384660025],[45.929666575028534,33.479671053436505],[45.94800685670069,33.494310763516],[45.95330516029486,33.49663980830137],[45.9581959020741,33.49730524966862],[45.963086643853345,33.49663980830137],[45.96430932929815,33.49597436693412],[45.94759929488575,33.48000377412013],[45.93170438410322,33.457378767633635],[45.92803632776879,33.451057074644766],[45.916217035135624,33.41512324081328],[45.908880922466764,33.4074706650899],[45.89828431527841,33.40048353073378],[45.874645730012084,33.38850558612329],[45.86241887556398,33.38451293791979],[45.854267639265245,33.382849334501664],[45.84856177385613,33.38251661381804],[45.84244834663208,33.38085301039992],[45.83470467214829,33.37752580356367],[45.78783506343057,33.3485791040883],[45.777238456242216,33.33793204221231],[45.76867965812855,33.33127762853981],[45.75686036549538,33.32495593555094],[45.74178057834272,33.31896696324569],[45.737297398378416,33.31863424256207],[45.73362934204399,33.31963240461294],[45.729553723894625,33.32096328734744],[45.72547810574525,33.321961449398316],[45.72099492578095,33.32029784598019],[45.71528906037184,33.31497431504219],[45.70387732955361,33.30066732564632],[45.669234575283994,33.265731653865714],[45.65945309172551,33.253753709255214],[45.65293210268653,33.24310664737922],[45.648856484537156,33.229132378666975],[45.63948256279362,33.20817097559861],[45.62644058471564,33.191534941417366],[45.599949066744756,33.16491728672738],[45.5771256051083,33.13597058725202],[45.57019705425438,33.12964889426314],[45.53188624365033,33.1023657982059],[45.5159913328678,33.08772608812641],[45.50335691660476,33.074084540097786],[45.491945185786534,33.06876100915979],[45.4837939494878,33.06609924369079],[45.42551260995185,33.08040623308666],[45.11209757426554,33.156266548953134],[45.01509786231061,33.14728309049526],[44.980047546226054,33.14927941459701],[44.86470755259897,33.17290258313437],[44.83454797829366,33.17423346586887],[44.814985011176695,33.161257359207504],[44.792976673170116,33.13863235272101],[44.77096833516353,33.11101653598015],[44.727359220965305,33.08306799855566],[44.70983406292303,33.06842828847617],[44.700460141179484,33.05645034386567],[44.7061660065886,33.04547056130605],[44.70942650110809,33.0408124717353],[44.71513236651721,33.02550732028856],[44.7106491865529,33.02417643755406],[44.699237455734675,33.01619114114706],[44.68864084854632,33.01253121362719],[44.677229117728096,33.01319665499444],[44.665817386909865,33.01619114114706],[44.65562834153645,33.020516510034184],[44.6462544197929,33.025840040972184],[44.63851074530911,33.03182901327743],[44.63239731808506,33.03914886831718],[44.62709901449088,33.04813232677505],[44.618132654562274,33.067762847108916],[44.61201922733822,33.077079026250416],[44.6050906764843,33.074084540097786],[44.59775456381544,33.06011027138555],[44.58797308025696,33.03382533737918],[44.57819159669848,33.01985106866694],[44.57330085491924,33.010202168841815],[44.569225236769874,33.00421319653657],[44.56514961862051,33.00155143106757],[44.562296685915946,33.00022054833307],[44.53988078609443,33.00587679995469],[44.54599421331848,33.01985106866694],[44.54640177513342,33.05877938865105],[44.542733718798985,33.08007351240304],[44.534582482500255,33.10469484299128],[44.51705732445798,33.142957721608134],[44.50442290819494,33.16425184536013],[44.50483047000988,33.175897069287],[44.50646071726962,33.21915075815823],[44.515834639013164,33.23112870276873],[44.51909513353266,33.23379046823773],[44.52520856075671,33.239779440542975],[44.52643124620152,33.24377208874647],[44.52602368438659,33.24809745763359],[44.52235562805215,33.255084591989714],[44.519910257162536,33.26340260908034],[44.52683880801646,33.27937320189433],[44.52683880801646,33.27038974343646],[44.52439343712684,33.26739525728384],[44.52480099894177,33.264400771131214],[44.528469055276204,33.264400771131214],[44.53295223524051,33.266729815916584],[44.53621272976,33.273384229589084],[44.53865810064962,33.28070408462883],[44.53743541520481,33.31098166683869],[44.53621272976,33.34059380768131],[44.541103471539245,33.350242707506425],[44.541918595169115,33.36255337280055],[44.542733718798985,33.364882417585925],[44.54314128061392,33.366213300320425],[44.542733718798985,33.36920778647305],[44.53743541520481,33.38318205518529],[44.534582482500255,33.392165513643164],[44.53335979705545,33.40347801688641],[44.529284178906074,33.40813610645716],[44.52561612257165,33.41079787192616],[44.494233862821524,33.390834630908664],[44.45714573766228,33.418450447649526],[44.43717520873039,33.427433906107396],[44.4273937251719,33.42909750952552],[44.35566284574305,33.43175927499452],[44.349956980333936,33.43242471636177],[44.343028429480015,33.42577030268927],[44.329986451402036,33.39050191022504],[44.27781853909014,33.37852396561454],[44.274965606385585,33.377858524247294],[44.24480603208027,33.43342287841264],[44.29819662983697,33.49797069103587],[44.3128688551747,33.51261040111536],[44.336507440441025,33.53091003871473],[44.35362503666836,33.54155710059072],[44.39315853271722,33.570836520749715],[44.40130976901596,33.596788734072454],[44.40457026353545,33.62174278534432],[44.39315853271722,33.64470051251443],[44.40783075805494,33.698601263261665],[44.411906376204314,33.70592111830141],[44.425763477912156,33.724553476584404],[44.425763477912156,33.72887884547153],[44.42331810702254,33.73320421435865],[44.40375513990558,33.74984024853989],[44.396826589051656,33.75682738289601],[44.391935847272414,33.76547812067026],[44.38908291456786,33.77446157912813],[44.38949047638279,33.783445037586006],[44.391528285457476,33.7927612167275],[44.40986856712963,33.835349464231484],[44.44410375958431,33.88026675652084],[44.45021718680836,33.89756823206933],[44.45103231043824,33.916200590352325],[44.44777181591874,33.935498390002564],[44.440028141434944,33.951136262132934],[44.42820884880178,33.96344692742706],[44.381746801899,33.998382599207666],[44.37278044197039,34.00137708536029],[44.36666701474634,34.003706130145666],[44.34017549677545,34.00703333698191],[44.3128688551747,34.00437157151291],[44.30471761887596,34.002375247411166],[44.2973815062071,34.00170980604392],[44.2928983262428,34.00270796809479],[44.289637831723304,34.005037012880166],[44.289230269908366,34.01335502997079],[44.29004539353824,34.01834584022516],[44.30104956254153,34.03165466757015],[44.30390249524609,34.043965332864275],[44.31123860791495,34.06060136704552],[44.309608360655204,34.06559217729989],[44.30431005706102,34.07224659097239],[44.30634786613571,34.07557379780864],[44.32754108051242,34.08788446310275],[44.33161669866178,34.09121166993901],[44.3340620695514,34.09753336292788],[44.3340620695514,34.101858731815],[44.33243182229165,34.105185938651246],[44.32509570962279,34.115833000527246],[44.323873024177985,34.119825648730746],[44.32591083325267,34.12315285556699],[44.329986451402036,34.126147341719616],[44.33813768770077,34.12781094513774],[44.349956980333936,34.12814366582137],[44.35199478940862,34.12914182787224],[44.35321747485343,34.13213631402486],[44.35240235122355,34.15575948256223],[44.350364542148874,34.1594194100821],[44.34832673307419,34.1620811755511],[44.34832673307419,34.16441022033648],[44.35158722759368,34.166406544438225],[44.36096114933723,34.16840286853997],[44.37278044197039,34.167737427172725],[44.377263621934695,34.169068309907225],[44.38133924008406,34.17239551674347],[44.384192172788616,34.17871720973235],[44.38826779093798,34.18437346135397],[44.391935847272414,34.18770066819022],[44.397641712681526,34.188698830241094],[44.39967952175621,34.18636978545572],[44.39967952175621,34.183375299303094],[44.39723415086659,34.17871720973235],[44.397641712681526,34.17738632699785],[44.39967952175621,34.17638816494697],[44.40253245446077,34.17605544426335],[44.40579294898026,34.17738632699785],[44.40783075805494,34.18038081315047],[44.41027612894457,34.188698830241094],[44.41435174709393,34.19601868528084],[44.4351373996557,34.221305457236326],[44.439213017805066,34.2236345020217],[44.44817937773367,34.2262962674907],[44.459591108551905,34.226628988174326],[44.4628516030714,34.22729442954157],[44.466519659405826,34.2289580329597],[44.47059527755519,34.231619798428696],[44.47467089570456,34.233283401846826],[44.47752382840912,34.232950681163196],[44.48322969381823,34.2276271502252],[44.486490188337726,34.22563082612345],[44.48893555922734,34.226628988174326],[44.49097336830203,34.230621636377826],[44.49097336830203,34.24892127397719],[44.493011177376715,34.25457752559881],[44.500347290045575,34.25857017380231],[44.50523803182481,34.260233777220435],[44.50890608815924,34.26256282200581],[44.50972121178911,34.26655547020931],[44.50686827908456,34.286518711226805],[44.520725380792406,34.29383856626655],[44.50890608815924,34.305816510877044],[44.50197753730532,34.30914371771329],[44.494233862821524,34.31446724865129],[44.48526750289292,34.32311798642554],[44.4795616374838,34.32977240009804],[44.47670870477924,34.33542865171966],[44.47670870477924,34.33975402060678],[44.48445237926304,34.34973564111553],[44.494233862821524,34.36770255803127],[44.501162413675445,34.38633491631426],[44.50156997549038,34.39432021272126],[44.49830948097089,34.40430183323001],[44.49586411008127,34.40929264348438],[44.494641424636455,34.412952571004254],[44.50156997549038,34.41860882262587],[44.50360778456506,34.421936029462124],[44.507275840899496,34.43125220860362],[44.50890608815924,34.43457941543987],[44.50972121178911,34.43724118090887],[44.50686827908456,34.43923750501062],[44.50360778456506,34.43890478432699],[44.49790191915595,34.43591029817436],[44.494641424636455,34.43524485680712],[44.49097336830203,34.43591029817436],[44.48893555922734,34.43790662227612],[44.48893555922734,34.44090110842874],[44.49341873919165,34.44522647731586],[44.49545654826633,34.448220963468486],[44.4962716718962,34.45055000825386],[44.493011177376715,34.452213611671986],[44.49015824467215,34.45154817030473],[44.487712873782534,34.44988456688661],[44.48608262652279,34.44888640483573],[44.48526750289292,34.45055000825386],[44.48608262652279,34.45420993577373],[44.49056580648709,34.46086434944623],[44.494641424636455,34.46352611491523],[44.499124604600766,34.4645242769661],[44.50320022275013,34.46485699764973],[44.51257414449367,34.4671860424351],[44.5162422008281,34.4698478079041],[44.51705732445798,34.4738404561076],[44.51257414449367,34.48149303183097],[44.50890608815924,34.484820238667226],[44.50523803182481,34.48615112140172],[44.50279266093519,34.48615112140172],[44.50156997549038,34.487149283452595],[44.50279266093519,34.489811048921595],[44.514611953568355,34.498794507379465],[44.51705732445798,34.50644708310284],[44.51746488627291,34.511770614040834],[44.502385099120254,34.544377241036074],[44.50279266093519,34.55369342017757],[44.50401534638,34.55735334769744],[44.50605315545469,34.56300959931907],[44.51787244808785,34.57565298529681],[44.521948066237215,34.577316588714936],[44.53091442616582,34.573323940511436],[44.55047739328278,34.56633680615531],[44.56596474225038,34.56334232000269],[44.57493110217899,34.56001511316644],[44.58552770936734,34.5540261408612],[44.62220827271164,34.52674304480396],[44.62750657630582,34.52408127933496],[44.630359509010376,34.52441400001858],[44.63525025078962,34.536391944629074],[44.6417712398286,34.54637356513782],[44.65318297064683,34.55735334769744],[44.66989300505924,34.569331292307936],[44.686603039471635,34.578647471449436],[44.70086770299442,34.58995997469268],[44.71350211925746,34.60426696408855],[44.72898946822505,34.631882780829415],[44.7306197154848,34.64652249090891],[44.727359220965305,34.65816771483578],[44.72246847918607,34.66415668714102],[44.7183928610367,34.6704783801299],[44.71635505196202,34.67646735243515],[44.71635505196202,34.68245632474039],[44.72083823192632,34.68911073841289],[44.7306197154848,34.696097872769016],[44.75099780623164,34.70574677259413],[44.77911957146227,34.712733906950255],[44.7917539877253,34.71705927583738],[44.80601865124809,34.7267081756625],[44.82517405655011,34.74301148916012],[44.83862359644302,34.76164384744311],[44.842699214592386,34.772623630002734],[44.841884090962516,34.78094164709336],[44.841068967332646,34.78726334008223],[44.84147652914758,34.79391775375473],[44.84799751818657,34.801570329478096],[44.85981681081973,34.809222905201466],[44.88590076697568,34.81787364297571],[44.918505712170614,34.83184791168796],[44.965782882703266,34.86744902483582],[45.019173480459976,34.83883504604408],[45.039959133021746,34.82153357049559],[45.04974061658022,34.81088650861959],[45.055854043804274,34.806893860416096],[45.0627825946582,34.805562977681596],[45.068488460067314,34.80722658109972],[45.09212704533364,34.818539084342966],[45.100685843447316,34.82053540844471],[45.11250513608048,34.82153357049559],[45.13369835045719,34.819537246393836],[45.14592520490528,34.815877318873966],[45.156114250278705,34.811884670670466],[45.169563790171615,34.80223577084534],[45.177307464655414,34.79425047443835],[45.18586626276908,34.78360341256235],[45.18912675728858,34.77461995410448],[45.19197968999313,34.73935156164025],[45.1960553081425,34.716726555153755],[45.1960553081425,34.71040486216488],[45.19564774632756,34.70541405191051],[45.19564774632756,34.70075596233976],[45.19687043177237,34.69410154866726],[45.20216873536655,34.67114382149715],[45.21358046618477,34.64585704954166],[45.21358046618477,34.64153168065454],[45.211950218925026,34.63753903245104],[45.20746703896073,34.63221550151304],[45.19360993725288,34.61957211553529],[45.191164566363256,34.61524674664817],[45.18953431910351,34.61058865707742],[45.18994188091845,34.604599684772175],[45.191164566363256,34.59861071246693],[45.197277993587306,34.583638281703806],[45.198093117217184,34.578647471449436],[45.197685555402245,34.573323940511436],[45.1960553081425,34.56700224752257],[45.19360993725288,34.56034783385007],[45.18627382458402,34.54936805129044],[45.18627382458402,34.545708123770574],[45.18871919547364,34.54105003419983],[45.191572128178194,34.539053710098074],[45.19931580266199,34.53705738599633],[45.20298385899642,34.536724665312704],[45.20624435351591,34.536724665312704],[45.20991240985035,34.53605922394545],[45.2127653425549,34.53306473779283],[45.21439558981465,34.52840664822208],[45.217248522519206,34.51276877609171],[45.25026102952908,34.528739368905704],[45.35908003411717,34.636873591083784],[45.37252957401009,34.64652249090891],[45.37986568667895,34.646189770225284],[45.38353374301337,34.646189770225284],[45.39372278838679,34.64818609432703],[45.39983621561084,34.64818609432703],[45.408395013724515,34.649849697745154],[45.41858405909793,34.65350962526503],[45.437331902585015,34.66216036303928],[45.444668015253875,34.66681845261002],[45.44915119521818,34.67214198354802],[45.450373880662994,34.67480374901702],[45.450781442477926,34.677465514486016],[45.45404193699742,34.686781693627516],[45.46545366781565,34.70308500712513],[45.46789903870527,34.70807581737951],[45.47034440959489,34.715395672419255],[45.470751971409825,34.71839015857188],[45.47034440959489,34.72105192404088],[45.46952928596502,34.72371368950988],[45.46912172415008,34.727040896346125],[45.46912172415008,34.730700823866],[45.47034440959489,34.735026192753125],[45.47034440959489,34.73802067890575],[45.47278978048451,34.74334420984374],[45.476050275004,34.75066406488349],[45.48705444400729,34.76663465769748],[45.500096422085264,34.79524863648922],[45.504987163864506,34.800239446743596],[45.50987790564375,34.80356665357984],[45.51558377105286,34.80589569836522],[45.517621580127546,34.80889018451784],[45.51925182738729,34.813215553404966],[45.52740306368602,34.831515191004335],[45.53107112002046,34.843160414931205],[45.538407232689316,34.858465566377944],[45.54818871624779,34.86711630415219],[45.5526718962121,34.87343799714107],[45.55470970528678,34.87842880739544],[45.55552482891666,34.88375233833344],[45.55797019980628,34.885748662435184],[45.56123069432577,34.886081383118814],[45.56449118884527,34.88541594175156],[45.56734412154982,34.885748662435184],[45.59302051589083,34.90504646208543],[45.6015793140045,34.9140299205433],[45.62440277564096,34.94430750275316],[45.62970107923513,34.953623681894655],[45.63214645012475,34.95994537488353],[45.63214645012475,34.96260714035253],[45.63255401193969,34.965601626505155],[45.63214645012475,34.9675979506069],[45.63051620286501,34.969261554025024],[45.627663270160454,34.970592436759524],[45.62399521382602,34.97125787812678],[45.61421373026754,34.971923319494024],[45.61136079756298,34.97258876086128],[45.6093229884883,34.978577733166524],[45.61910447204678,34.98556486752265],[45.62277252838121,34.99987185691852],[45.62644058471564,35.00419722580564],[45.63499938282931,35.008522594692764],[45.63948256279362,35.01584244973251],[45.640705248238426,35.01916965656876],[45.63907500097868,35.02083325998688],[45.63662963008906,35.02016781861963],[45.633369135569566,35.01916965656876],[45.63092376467994,35.01983509793601],[45.628070831975386,35.02183142203776],[45.627663270160454,35.02981671844475],[45.63010864105007,35.03514024938275],[45.63622206827412,35.04445642852425],[45.63989012460855,35.04745091467687],[45.64315061912804,35.04878179741137],[45.64559599001767,35.04678547330962],[45.64641111364754,35.04445642852425],[45.64641111364754,35.04179466305525],[45.64641111364754,35.0397983389535],[45.648041360907285,35.03913289758625],[45.6504867317969,35.040131059637126],[45.65333966450146,35.042460104422496],[45.656192597206015,35.043790987156996],[45.66434383350475,35.04678547330962],[45.66678920439437,35.05077812151312],[45.67086482254374,35.05876341792012],[45.676163126137915,35.06541783159261],[45.68675973332627,35.07573217278498],[45.69246559873538,35.081721145090235],[45.696133655069815,35.08704467602823],[45.696948778699685,35.09369908970073],[45.698171464144494,35.09902262063873],[45.7071378240731,35.1066751963621],[45.71284368948222,35.110002403198344],[45.7193646785212,35.110002403198344],[45.72629322937513,35.1066751963621],[45.73362934204399,35.1013516654241],[45.73852008382323,35.0973590172206],[45.743818387417406,35.09003916218085],[45.81228877232677,35.030482159812],[45.82329294133006,35.01617517041613],[45.820032446810565,35.01451156699801],[45.8159568286612,35.01318068426351],[45.811881210511835,35.01218252221263],[45.806582906917654,35.01218252221263],[45.80291485058323,35.01284796357989],[45.798431670618925,35.01417884631439],[45.79435605246955,35.01484428768163],[45.78661237798576,35.01417884631439],[45.7837594452812,35.01451156699801],[45.78172163620652,35.01284796357989],[45.78009138894677,35.005860829223764],[45.78987287250525,34.91436264122692],[45.79639386154424,34.903050137983676]]]}},{"type":"Feature","properties":{"id":"WA","featurecla":"Admin-1 scale rank","scalerank":5,"adm1_code":"IRQ-3227","diss_me":3227,"iso_3166_2":"IQ-WA","wikipedia":"","iso_a2":"IQ","adm0_sr":1,"name":"Wasit","name_alt":"Kut|Kut-al-Imara","name_local":"","type_en":"Province","code_local":"IZ16","note":"","hasc_maybe":"","postal":"WA","sameascity":-99,"woe_name":"Wasit","latitude":32.6139,"longitude":45.5635,"admin":"Iraq","gn_a1_code":"16","min_zoom":6.7},"geometry":{"type":"Polygon","coordinates":[[[45.96430932929815,33.49597436693412],[45.96838494744752,33.494310763516],[45.971237880152074,33.492647160097874],[45.97449837467157,33.49065083599612],[46.00791844349638,33.45571516421551],[46.019330174314604,33.43841368866702],[46.02748141061334,33.4194486097004],[46.0303343433179,33.39915264799929],[46.031149466947774,33.38251661381804],[46.03604020872701,33.36787690373855],[46.06986783936676,33.34092652836493],[46.10940133541561,33.2936801912902],[46.141191156980675,33.272053346854584],[46.15545582050346,33.26007540224409],[46.16401461861713,33.243439368062845],[46.16442218043207,33.233125026870475],[46.15830875320802,33.213827227220236],[46.15749362957814,33.20550921012961],[46.161976809542445,33.19652575167174],[46.173796102175615,33.190204058682866],[46.174203663990546,33.181220600225],[46.167275113136625,33.16824449356363],[46.153418011428776,33.15427022485138],[46.126518931642956,33.131645218364895],[46.10532571726625,33.118336391019895],[46.08902324466878,33.115674625550895],[46.072313210256375,33.11667278760177],[46.0503048722498,33.11500918418365],[46.0303343433179,33.10569300504215],[46.02911165787309,33.09338233974803],[46.04337632139587,33.083400719239286],[46.08739299740903,33.07907535035216],[46.106140840896124,33.07242093667966],[46.120405504418905,33.06177387480367],[46.12611136982802,33.04813232677505],[46.119590380789035,33.031163571910184],[46.10451059363638,33.018187465248815],[46.08820812103891,33.00687496200557],[46.07557370477587,32.994564296711445],[46.07557370477587,32.99423157602782],[46.09717448096752,32.954305093992836],[46.15545582050346,32.94831612168759],[46.27324118502016,32.959628624930836],[46.379614818718636,32.931680087506344],[46.47946746337813,32.891753605471365],[46.50718166679382,32.868130436933995],[46.60051332241432,32.822547703277394],[46.58502597344673,32.79958997610727],[46.57565205170319,32.78960835559853],[46.5536437136966,32.77663224893716],[46.54630760102774,32.76698334911204],[46.481097710637876,32.6006230072996],[46.474984283413825,32.552711228857625],[46.476206968858634,32.49182334375428],[46.474984283413825,32.48117628187828],[46.47131622707939,32.47086194068591],[46.468055732559904,32.45655495129004],[46.46520279985534,32.45023325830117],[46.4513456981475,32.4319336207018],[46.44523227092345,32.42062111745855],[46.44400958547864,32.41163765900068],[46.452975945407246,32.40365236259368],[46.46927841800471,32.392339859350436],[46.473761597969016,32.38635088704519],[46.47783721611838,32.3783655906382],[46.476206968858634,32.36971485286395],[46.434228101920155,32.26756960299112],[46.42852223651104,32.24960268607537],[46.43178273103054,32.234630255312254],[46.45012301270268,32.22198686933451],[46.571983995368754,32.17706957704515],[46.591546962485715,32.15211552577328],[46.60377381693382,32.13381588817391],[46.576874737147996,31.983426139175478],[46.55568152277129,31.981429815073728],[46.51818583579711,31.989415111480724],[46.481912834267746,32.00538570429472],[46.44197177640395,32.00937835249822],[46.317257861033326,32.00538570429472],[46.057640984918656,32.00472026292747],[46.024220916093846,31.995071363102348],[46.019330174314604,31.991078714898848],[46.01525455616524,31.983426139175478],[46.010771376200935,31.981429815073728],[46.003842825347014,31.981097094390105],[45.98835547637942,31.9837588598591],[45.97898155463587,31.986087904644478],[45.970015194707265,31.986753346011724],[45.961863958408536,31.984757021909978],[45.92722120413892,31.962464736107112],[45.922330462359675,31.961799294739862],[45.91743972058043,31.964793780892485],[45.914994349690815,31.967455546361485],[45.91214141698626,31.968120987728735],[45.90969604609664,31.96712282567786],[45.90521286613233,31.963130177474362],[45.901137247982966,31.961133853372612],[45.89746919164854,31.960801132688985],[45.8925784498693,31.964128339525235],[45.88728014627512,31.964128339525235],[45.826145874034616,31.94250149508962],[45.72588566756019,31.947825026027616],[45.67860849702754,32.040654096758956],[45.6782009352126,32.046975789747826],[45.68186899154703,32.05130115863495],[45.68920510421589,32.05695741025657],[45.6859446096964,32.068935354867065],[45.61706666297209,32.08623683041556],[45.55389458165691,32.10586735074943],[45.53799967087438,32.1148508092073],[45.52862574913084,32.12716147450142],[45.51639889468274,32.14612655346804],[45.498058613010585,32.166755235852776],[45.39861353016603,32.24660819992275],[45.38353374301337,32.26124791000224],[45.3782354394192,32.27622034076536],[45.38068081030882,32.290527330161225],[45.39372278838679,32.31747770553484],[45.39535303564654,32.32679388467634],[45.39168497931211,32.335111901766965],[45.369676641305524,32.34076815338858],[45.3582649104873,32.355740584151704],[45.28775671650325,32.36272771850783],[45.26289544579211,32.3717111769657],[45.25637445675313,32.38768176977969],[45.198500679032115,32.39433618345219],[45.19687043177237,32.41529758652055],[45.19401749906781,32.44657333078129],[45.18097552098984,32.446906051464914],[45.121471496009086,32.44890237556667],[45.10476146159668,32.45322774445379],[45.088458988999214,32.462543923595284],[45.06930358369719,32.47884723709291],[45.05177842565491,32.49747959537589],[45.01265249142099,32.572009028507864],[44.96985850085264,32.69178847461282],[44.96374507362859,32.70276825717244],[44.95029553373568,32.71541164315018],[44.93603087021289,32.72506054297531],[44.91035447587188,32.7370384875858],[44.877749530676944,32.74868371151267],[44.87245122708277,32.75633628723604],[44.863892428969095,32.758665332021415],[44.8272118656248,32.76165981817404],[44.77667420057264,32.77530136620266],[44.713094557442524,32.80591166909615],[44.7061660065886,32.80724255183065],[44.56474205680557,32.815893289604894],[44.55862862958152,32.81755689302302],[44.55373788780228,32.82088409985926],[44.54680933694836,32.82620763079726],[44.54028834790937,32.842178223611256],[44.53417492068532,32.866799554199496],[44.53091442616582,32.96827936270508],[44.523170751682024,32.99789150354769],[44.53988078609443,33.00587679995469],[44.562296685915946,33.00022054833307],[44.56514961862051,33.00155143106757],[44.569225236769874,33.00421319653657],[44.57330085491924,33.010202168841815],[44.57819159669848,33.01985106866694],[44.58797308025696,33.03382533737918],[44.59775456381544,33.06011027138555],[44.6050906764843,33.074084540097786],[44.61201922733822,33.077079026250416],[44.618132654562274,33.067762847108916],[44.62709901449088,33.04813232677505],[44.63239731808506,33.03914886831718],[44.63851074530911,33.03182901327743],[44.6462544197929,33.025840040972184],[44.65562834153645,33.020516510034184],[44.665817386909865,33.01619114114706],[44.677229117728096,33.01319665499444],[44.68864084854632,33.01253121362719],[44.699237455734675,33.01619114114706],[44.7106491865529,33.02417643755406],[44.71513236651721,33.02550732028856],[44.70942650110809,33.0408124717353],[44.7061660065886,33.04547056130605],[44.700460141179484,33.05645034386567],[44.70983406292303,33.06842828847617],[44.727359220965305,33.08306799855566],[44.77096833516353,33.11101653598015],[44.792976673170116,33.13863235272101],[44.814985011176695,33.161257359207504],[44.83454797829366,33.17423346586887],[44.86470755259897,33.17290258313437],[44.980047546226054,33.14927941459701],[45.01509786231061,33.14728309049526],[45.11209757426554,33.156266548953134],[45.42551260995185,33.08040623308666],[45.4837939494878,33.06609924369079],[45.491945185786534,33.06876100915979],[45.50335691660476,33.074084540097786],[45.5159913328678,33.08772608812641],[45.53188624365033,33.1023657982059],[45.57019705425438,33.12964889426314],[45.5771256051083,33.13597058725202],[45.599949066744756,33.16491728672738],[45.62644058471564,33.191534941417366],[45.63948256279362,33.20817097559861],[45.648856484537156,33.229132378666975],[45.65293210268653,33.24310664737922],[45.65945309172551,33.253753709255214],[45.669234575283994,33.265731653865714],[45.70387732955361,33.30066732564632],[45.71528906037184,33.31497431504219],[45.72099492578095,33.32029784598019],[45.72547810574525,33.321961449398316],[45.729553723894625,33.32096328734744],[45.73362934204399,33.31963240461294],[45.737297398378416,33.31863424256207],[45.74178057834272,33.31896696324569],[45.75686036549538,33.32495593555094],[45.76867965812855,33.33127762853981],[45.777238456242216,33.33793204221231],[45.78783506343057,33.3485791040883],[45.83470467214829,33.37752580356367],[45.84244834663208,33.38085301039992],[45.84856177385613,33.38251661381804],[45.854267639265245,33.382849334501664],[45.86241887556398,33.38451293791979],[45.874645730012084,33.38850558612329],[45.89828431527841,33.40048353073378],[45.908880922466764,33.4074706650899],[45.916217035135624,33.41512324081328],[45.92803632776879,33.451057074644766],[45.93170438410322,33.457378767633635],[45.94759929488575,33.48000377412013],[45.96430932929815,33.49597436693412]]]}},{"type":"Feature","properties":{"id":"MA","featurecla":"Admin-1 scale rank","scalerank":5,"adm1_code":"IRQ-3226","diss_me":3226,"iso_3166_2":"IQ-MA","wikipedia":"","iso_a2":"IQ","adm0_sr":1,"name":"Maysan","name_alt":"`Amara","name_local":"","type_en":"Province","code_local":"","note":"","hasc_maybe":"","postal":"MA","sameascity":-99,"woe_name":"Maysan","latitude":31.8089,"longitude":47.0739,"admin":"Iraq","gn_a1_code":"14","min_zoom":6.7},"geometry":{"type":"Polygon","coordinates":[[[46.60051332241432,32.822547703277394],[46.60458894056369,32.82055137917564],[46.6502358638366,32.7892756349149],[46.715853316041404,32.756003566552415],[46.75742462116495,32.71607708451743],[47.05820524058822,32.49448510922327],[47.05861280240316,32.49448510922327],[47.05861280240316,32.49448510922327],[47.090402623968224,32.47452186820578],[47.12096976008847,32.46088032017716],[47.1523520198386,32.45522406855554],[47.18780989773809,32.45821855470816],[47.20533505578037,32.463874806329784],[47.25138954086822,32.4855016507654],[47.26524664257606,32.48483620939815],[47.32189773485226,32.46820017521691],[47.343498511043904,32.458551275391784],[47.356132927306945,32.44624061009767],[47.36713709631023,32.4306027379673],[47.384254692537574,32.41263582105155],[47.41074621050846,32.39533434550306],[47.416452075917576,32.38801449046331],[47.418082323177316,32.37636926653644],[47.41441426684289,32.36971485286395],[47.40870840143378,32.36439132192595],[47.4001496033201,32.34575896364296],[47.39607398517074,32.34209903612308],[47.3956664233558,32.33710822586871],[47.40259497420973,32.32346667784009],[47.40707815417403,32.31781042621847],[47.43683016666441,32.29385453699748],[47.44172090844365,32.288198285375856],[47.445388964778076,32.28254203375423],[47.46291412282035,32.26191335136949],[47.46943511185934,32.25625709974787],[47.479216595417824,32.25193173086075],[47.484514899012,32.239288344883],[47.50407786612896,32.226644958905254],[47.50937616972314,32.213668852243885],[47.50774592246339,32.19969458353164],[47.50244761886921,32.19004568370652],[47.49633419164516,32.181394945932276],[47.492666135310735,32.17041516337265],[47.49022076442111,32.156440894660406],[47.491443449865926,32.14878831893704],[47.49796443890491,32.14413022936629],[47.513859349687436,32.14047030184641],[47.52649376595048,32.13348316749029],[47.53464500224921,32.12316882629792],[47.54361136217782,32.114518088523674],[47.55869114933048,32.11285448510555],[47.57825411644744,32.10620007143305],[47.58029192552212,32.10353830596405],[47.59496415085984,32.08557138904831],[47.61778761249629,32.041984979493456],[47.63327496146389,32.02701254873033],[47.66791771573351,32.01237283865084],[47.678106761106925,31.994738642418724],[47.678106761106925,31.994405921735098],[47.68258994107123,31.97677172550298],[47.718455380785656,31.922205533388503],[47.725383931639584,31.914220236981507],[47.7433166514968,31.90423861647276],[47.75106032598059,31.89824964416751],[47.75635862957477,31.88926618570964],[47.76165693316895,31.87163198947752],[47.76532498950338,31.86397941375415],[47.781219900285905,31.849006982991032],[47.820753396334766,31.823720211035543],[47.834610498042615,31.8057532941198],[47.83746343074717,31.784459170367807],[47.83135000352312,31.761834163881318],[47.678921884736795,31.407819356504458],[47.67647651384718,31.236468204437653],[47.67606895203224,31.236468204437653],[47.53749793495377,31.267078507331142],[47.39485129972593,31.279056451941635],[47.349611938267955,31.27606196578901],[47.21104092118948,31.244786221528273],[47.17639816691987,31.23081195281603],[47.15602007617303,31.216172242736537],[47.137272232685945,31.19121819146467],[47.12626806368265,31.12966486499407],[46.95101648325988,31.140311926870066],[46.84586553500621,31.138981044135566],[46.80673960077229,31.156615240367685],[46.79288249906444,31.168260464294555],[46.74968094668115,31.198205325820794],[46.742752395827225,31.205857901544164],[46.7390843394928,31.21317775658391],[46.736638968603174,31.221495773674533],[46.735416283158365,31.23081195281603],[46.735823844973304,31.241459014692026],[46.74030702493761,31.277060127839885],[46.740714586752546,31.288039910399508],[46.73949190130774,31.297023368857378],[46.73623140678824,31.30600682731525],[46.73011797956419,31.315988447823997],[46.71748356330115,31.33062815790349],[46.70607183248293,31.340609778412237],[46.693844978034825,31.348595074819233],[46.604996502378626,31.39617413257759],[46.5891015915961,31.43743149734707],[46.58828646796622,31.446747676488567],[46.58950915341103,31.459723783149936],[46.60010576059939,31.47769070006568],[46.605404064193564,31.490001365359802],[46.609072120528,31.51029732706092],[46.60662674963837,31.525935199191288],[46.59929063696951,31.541573071321654],[46.58869402978116,31.552552853881274],[46.55649664640116,31.57551058105139],[46.53978661198876,31.58981757044726],[46.50881191405357,31.632738538634868],[46.502698486829516,31.638062069572868],[46.47172378889433,31.653699941703234],[46.43259785466041,31.691297378952846],[46.40977439302395,31.741870922863825],[46.413034887543446,31.755179750208818],[46.414257572988255,31.778802918746184],[46.337228389965226,31.88793530297514],[46.31073687199434,31.935514360733496],[46.32051835555282,31.95215039491474],[46.337228389965226,31.960801132688985],[46.35353086256269,31.964461060208862],[46.351900615302945,31.97277907729948],[46.33967376085484,31.9864206253281],[46.317257861033326,32.00538570429472],[46.44197177640395,32.00937835249822],[46.481912834267746,32.00538570429472],[46.51818583579711,31.989415111480724],[46.55568152277129,31.981429815073728],[46.576874737147996,31.983426139175478],[46.60377381693382,32.13381588817391],[46.591546962485715,32.15211552577328],[46.571983995368754,32.17706957704515],[46.45012301270268,32.22198686933451],[46.43178273103054,32.234630255312254],[46.42852223651104,32.24960268607537],[46.434228101920155,32.26756960299112],[46.476206968858634,32.36971485286395],[46.47783721611838,32.3783655906382],[46.473761597969016,32.38635088704519],[46.46927841800471,32.392339859350436],[46.452975945407246,32.40365236259368],[46.44400958547864,32.41163765900068],[46.44523227092345,32.42062111745855],[46.4513456981475,32.4319336207018],[46.46520279985534,32.45023325830117],[46.468055732559904,32.45655495129004],[46.47131622707939,32.47086194068591],[46.474984283413825,32.48117628187828],[46.476206968858634,32.49182334375428],[46.474984283413825,32.552711228857625],[46.481097710637876,32.6006230072996],[46.54630760102774,32.76698334911204],[46.5536437136966,32.77663224893716],[46.57565205170319,32.78960835559853],[46.58502597344673,32.79958997610727],[46.60051332241432,32.822547703277394]]]}},{"type":"Feature","properties":{"id":"AN","featurecla":"Admin-1 scale rank","scalerank":5,"adm1_code":"IRQ-3471","diss_me":3471,"iso_3166_2":"IQ-AN","wikipedia":"","iso_a2":"IQ","adm0_sr":1,"name":"Al-Anbar","name_alt":"Dulaim|Ramadi","name_local":"","type_en":"Province","code_local":"","note":"","hasc_maybe":"","postal":"AN","sameascity":-99,"woe_name":"Al-Anbar","latitude":33.2317,"longitude":41.5307,"admin":"Iraq","gn_a1_code":"01","min_zoom":6.7},"geometry":{"type":"Polygon","coordinates":[[[41.19216803820448,35.1589123436912],[41.213768814396126,35.15824690232395],[41.34215078610118,35.14859800249883],[41.5112889392999,35.108671520463844],[41.57853663876446,35.099688062005974],[41.85201061658697,35.00685899127464],[41.98406064462646,34.964270743770655],[42.04927053501633,34.96094353693441],[42.18987936116949,34.975915967697524],[42.2078120810267,34.9729214815449],[42.24286239711126,34.959279933516285],[42.27342953323151,34.94830015095666],[42.49147510422264,34.97258876086128],[42.498403655076565,34.95861449214903],[42.50003390233631,34.740017003007495],[42.53956739838517,34.595283505630675],[42.73397438410997,34.46352611491523],[42.77717593649326,34.442897432530486],[42.80937331987325,34.43923750501062],[42.928788931649706,34.49580002122684],[42.94753677513679,34.410290805535254],[42.95242751691603,34.3480720376974],[42.96017119139983,34.31812717617117],[42.98584758574084,34.287516873277674],[43.0009273728935,34.234281563897696],[43.01070885645198,34.18137897520134],[43.06328433057881,34.07557379780864],[43.13175471548818,33.99938076125854],[43.29233407057323,33.86529432575772],[43.42968240220689,33.76547812067026],[43.482665438148665,33.74884208648902],[43.58985419547701,33.7338696557259],[43.71293786358789,33.69261229095642],[43.803416586503836,33.66765823968455],[43.97133205425775,33.6709854465208],[44.001491628563066,33.66366559148105],[44.036134382832685,33.63704793679106],[44.05202929361521,33.622740947395194],[44.070369575287366,33.594126968603454],[44.10175183503749,33.52858099392935],[44.12335261122914,33.496972528985],[44.13354165660255,33.48798907052712],[44.10012158777774,33.46602950540788],[44.137209712936986,33.45671332626638],[44.17103734357673,33.43708280593252],[44.24480603208027,33.43342287841264],[44.274965606385585,33.377858524247294],[44.27781853909014,33.37852396561454],[44.27904122453495,33.37419859672742],[44.27944878634989,33.368875065789425],[44.269667302791404,33.34957726613918],[44.23828504304128,33.32096328734744],[44.22646575040812,33.30133276701358],[44.22239013225875,33.28203496736333],[44.22239013225875,33.26107356429496],[44.227280874037994,33.240777602593845],[44.23706235759647,33.22347612704535],[44.248881650229634,33.213827227220236],[44.27537316820052,33.19985295850799],[44.28719246083369,33.18920589663199],[44.2574404483433,33.15393750416776],[44.23910016667116,33.138965073404634],[44.21790695229445,33.133974263150265],[44.1963061761028,33.13963051477189],[44.132318971157744,33.17123897971625],[44.1074577004466,33.17756067270512],[44.08341155336534,33.18022243817412],[43.988042088670156,33.18088787954137],[43.899601174828895,33.200518399875236],[43.85436181337092,33.20550921012961],[43.82053418273118,33.201849282609736],[43.825424924510415,33.18055515885774],[43.838874464403325,33.166580890145504],[43.88818944401066,33.156266548953134],[43.9851891559656,33.11500918418365],[44.015756292085854,33.08938969154453],[44.03980243916712,33.03016540985931],[44.057327597209394,32.95530325604371],[44.06996201347243,32.9283528806701],[44.09726865507319,32.902067946663735],[44.14087776927141,32.87644845402462],[44.12946603845319,32.78129033850791],[43.95829007617978,32.82587491011364],[43.84376520618257,32.82587491011364],[43.75899234867574,32.81689145165577],[43.67992535657802,32.78428482466053],[43.49285448352208,32.64454213753809],[43.46554784192132,32.629569706774966],[43.454543672918035,32.626907941305966],[43.43335045854133,32.624578896520596],[43.31067435224538,32.6099391864411],[43.263804743527665,32.59463403499436],[43.21082170758589,32.571010866456994],[43.217750258439814,32.540733284247125],[43.24179640552108,32.51012298135364],[43.477367134554484,32.30816152639335],[43.64242966960384,32.203354511051515],[43.69052196376637,32.168418839270906],[43.79567291202004,32.083575064946565],[43.79485778839017,32.06361182392907],[43.78955948479599,32.03366696240283],[43.77162676493877,32.01570004548709],[43.75450916871144,32.00172577677485],[43.66158507490587,31.957806646536362],[43.63631624237979,31.940172450304246],[43.62286670248688,31.933185315948123],[43.606564229889415,31.92819450569375],[43.54298458675929,31.919543767919503],[43.531165294126126,31.915551119716007],[43.50141328163575,31.898582364851137],[43.49366960715195,31.897251482116637],[43.47288395459018,31.895587878698514],[43.456581481992714,31.888933465026014],[43.43783363850563,31.87695552041552],[43.40930431146006,31.850337865725532],[43.25361569815424,31.65336722101961],[43.23935103463146,31.631407655900368],[43.23812834918665,31.599466470272382],[43.23242248377754,31.571517932847893],[43.217750258439814,31.534585936965534],[43.11137662474134,31.339944337044987],[43.10241026481273,31.31565572714037],[43.099557332108176,31.298354251591878],[43.099557332108176,31.285378144930508],[43.101187579367924,31.27672740715626],[43.10485563570235,31.269407552116515],[43.10567075933223,31.25476784203702],[43.10159514118286,31.23347371828503],[43.062061645134,31.144304575073566],[43.05880115061451,31.13166118909582],[43.052280161575524,31.082751248602964],[43.045351610721596,31.061789845534598],[43.03801549805274,31.04814829750598],[42.98177196759147,30.979607836679257],[42.94753677513679,30.929034292768275],[42.93979310065299,30.914061862005155],[42.936532606133504,30.904080241496413],[42.9243057516854,30.815909260335822],[42.91167133542236,30.78097358855521],[42.881919322931985,30.719087541400985],[42.81670943254211,30.6149459674264],[42.79103303820111,30.561045216679172],[42.78328936371731,30.55106359617043],[42.764133958415286,30.565703306249922],[42.669172055535036,30.636572811862017],[42.574617714469724,30.70777503815774],[42.479655811589474,30.778644543769836],[42.39529051589758,30.841528752974938],[42.31092522020569,30.904412962180036],[42.226152362698855,30.96762989206876],[42.14178706700696,31.03051410127386],[42.07535449117228,31.07975676245034],[41.986098453701146,31.125339496106946],[41.898472663489756,31.169924067712678],[41.81084687327837,31.214841360002037],[41.72322108306698,31.25942593160777],[41.6355952928556,31.3040105032135],[41.54756194082927,31.348595074819233],[41.459936150617885,31.39351236710859],[41.372310360406495,31.43809693871432],[41.284684570195104,31.482681510320052],[41.19665121816878,31.52759880260941],[41.10902542795739,31.572183374215143],[41.02139963774601,31.616767945820875],[40.93336628571968,31.66168523811023],[40.845740495508295,31.706269809715963],[40.758114705296904,31.75118710200532],[40.67048891508552,31.795771673611053],[40.58286312487413,31.840356245216785],[40.47974998569515,31.892926113229514],[40.42432157886376,31.920541929970376],[40.37011585747718,31.93850884688612],[40.02939418019011,31.994405921735098],[40.02898661837517,31.994405921735098],[40.02898661837517,31.994405921735098],[40.02898661837517,31.994405921735098],[39.94869694083265,32.00605114566197],[39.75102946058835,32.03499784513733],[39.55336198034406,32.06361182392907],[39.355694500099766,32.092558523404435],[39.157619458040536,32.1215052228798],[39.15476652533598,32.12050706082892],[39.152321154446355,32.119841619461674],[39.1494682217418,32.1188434574108],[39.146207727222304,32.11817801604355],[39.146207727222304,32.12583059176692],[39.26643846262863,32.21300341087664],[39.29211485696964,32.244611875821],[39.27092164259293,32.31182145391322],[39.25624941725521,32.342764477490334],[39.23587132650838,32.35274609799908],[39.04635508256282,32.30849424707697],[39.0361660371894,32.31348505733134],[39.028829924520544,32.328457488094465],[38.97992250672814,32.47219282342041],[38.97869982128333,32.47385642683853],[38.97829225946839,32.47485458888941],[38.97869982128333,32.47585275094028],[38.97992250672814,32.47618547162391],[39.05735925156611,32.49648143332502],[38.99011155210155,32.70543002264144],[38.9428343815689,32.852492564803626],[38.89718745829599,32.99423157602782],[38.86254470402637,33.10070219478778],[38.82097339890283,33.229132378666975],[38.77451135200005,33.37153683125842],[38.88496060384789,33.42710118542377],[38.99581741751067,33.4823328189055],[39.10626666935851,33.53789717307085],[39.21671592120635,33.59346152723621],[39.32757273486913,33.64869316071793],[39.438021986716976,33.70425751488329],[39.548471238564815,33.75948914836501],[39.65932805222759,33.814720781846745],[39.76977730407544,33.87028513601209],[39.88022655592328,33.925516769493825],[39.990675807771126,33.98108112365917],[40.101532621433904,34.036312757140905],[40.17326350086276,34.07224659097239],[40.211981873281744,34.09187711130625],[40.32243112512959,34.147108744787985],[40.43328793879237,34.20267309895333],[40.54373719064021,34.257904732435065],[40.690459444017414,34.33143600351616],[40.93621921842424,34.38600219563064],[40.96515610728474,34.40197278844463],[40.9879795689212,34.42859044313462],[41.023845008635625,34.49413641780872],[41.023845008635625,34.49446913849234],[41.19583609453891,34.768630981799234],[41.20439489265258,34.79325231238747],[41.206432701727266,34.81920452571021],[41.19787390361359,34.99388288461327],[41.19216803820448,35.1589123436912]]]}},{"type":"Feature","properties":{"id":"NA","featurecla":"Admin-1 scale rank","scalerank":5,"adm1_code":"IRQ-3061","diss_me":3061,"iso_3166_2":"IQ-NA","wikipedia":"","iso_a2":"IQ","adm0_sr":1,"name":"An-Najaf","name_alt":"","name_local":"","type_en":"Province","code_local":"","note":"","hasc_maybe":"","postal":"NA","sameascity":-99,"woe_name":"An-Najaf","latitude":30.9322,"longitude":43.7551,"admin":"Iraq","gn_a1_code":"17","min_zoom":6.7},"geometry":{"type":"Polygon","coordinates":[[[43.824202239065606,29.814087281941347],[43.77529482127321,29.84835751235471],[43.661177513090934,29.928875917791927],[43.546245081278784,30.009727043912772],[43.43172021128158,30.090578170033613],[43.31719534128437,30.171429296154457],[43.229161989258046,30.233648063992305],[43.141128637231716,30.29553411114653],[43.053095285205394,30.357752878984382],[42.964654371364134,30.41997164682223],[42.85909586129553,30.4945010799542],[42.85909586129553,30.4945010799542],[42.85868829948059,30.4945010799542],[42.85868829948059,30.494833800637824],[42.78328936371731,30.55106359617043],[42.79103303820111,30.561045216679172],[42.81670943254211,30.6149459674264],[42.881919322931985,30.719087541400985],[42.91167133542236,30.78097358855521],[42.9243057516854,30.815909260335822],[42.936532606133504,30.904080241496413],[42.93979310065299,30.914061862005155],[42.94753677513679,30.929034292768275],[42.98177196759147,30.979607836679257],[43.03801549805274,31.04814829750598],[43.045351610721596,31.061789845534598],[43.052280161575524,31.082751248602964],[43.05880115061451,31.13166118909582],[43.062061645134,31.144304575073566],[43.10159514118286,31.23347371828503],[43.10567075933223,31.25476784203702],[43.10485563570235,31.269407552116515],[43.101187579367924,31.27672740715626],[43.099557332108176,31.285378144930508],[43.099557332108176,31.298354251591878],[43.10241026481273,31.31565572714037],[43.11137662474134,31.339944337044987],[43.217750258439814,31.534585936965534],[43.23242248377754,31.571517932847893],[43.23812834918665,31.599466470272382],[43.23935103463146,31.631407655900368],[43.25361569815424,31.65336722101961],[43.40930431146006,31.850337865725532],[43.43783363850563,31.87695552041552],[43.456581481992714,31.888933465026014],[43.47288395459018,31.895587878698514],[43.49366960715195,31.897251482116637],[43.50141328163575,31.898582364851137],[43.531165294126126,31.915551119716007],[43.54298458675929,31.919543767919503],[43.606564229889415,31.92819450569375],[43.62286670248688,31.933185315948123],[43.63631624237979,31.940172450304246],[43.66158507490587,31.957806646536362],[43.75450916871144,32.00172577677485],[43.77162676493877,32.01570004548709],[43.78955948479599,32.03366696240283],[43.79485778839017,32.06361182392907],[43.79567291202004,32.083575064946565],[43.69052196376637,32.168418839270906],[44.15677268005395,32.28187659238698],[44.25010433567444,32.306497922975225],[44.276188291830394,32.30915968844422],[44.28800758446356,32.30017622998635],[44.296566382577225,32.295850861099225],[44.30104956254153,32.30150711272085],[44.30594030432077,32.31248689528047],[44.30757055158052,32.31847586758572],[44.31938984421368,32.34376263954121],[44.33365450773647,32.295850861099225],[44.34058305859039,32.2862019612741],[44.34669648581444,32.28087843033611],[44.342620867665076,32.26390967547124],[44.31857472058381,32.25226445154437],[44.31123860791495,32.242282831035624],[44.3128688551747,32.231303048476],[44.32061252965849,32.21267069019301],[44.33936037314558,32.1870511975539],[44.34588136218457,32.1803967838814],[44.35362503666836,32.170747884056276],[44.358515778447604,32.16209714628203],[44.37359556560026,32.14512839141716],[44.40905344349976,32.1737423702089],[44.42983909606153,32.18605303550302],[44.43472983784076,32.1857203148194],[44.4428810741395,32.1870511975539],[44.4506247486233,32.186385756186645],[44.499939728230636,32.216330617712885],[44.52683880801646,32.20401995241876],[44.549254707837974,32.18804935960477],[44.57900672032835,32.173409649525276],[44.62995194719544,32.15943538081303],[44.61527972185772,32.11917617809442],[44.61201922733822,32.11518352989093],[44.60753604737392,32.11119088168743],[44.603052867409616,32.110858161003804],[44.59653187837063,32.10985999895293],[44.58675039481215,32.10453646801493],[44.58389746210759,32.09921293707693],[44.58389746210759,32.09322396477168],[44.58797308025696,32.08656955109919],[44.59245626022126,32.08024785811031],[44.59856968744531,32.07525704785594],[44.60753604737392,32.069268075550696],[44.61324191278303,32.062613661878196],[44.61324191278303,32.05828829299107],[44.60794360918886,32.054961086154826],[44.57900672032835,32.045644907013326],[44.542733718798985,32.02501622462859],[44.523170751682024,32.01836181095609],[44.515019515383294,32.00838019044734],[44.50646071726962,31.984091580542728],[44.4995321664157,31.95281583628199],[44.53295223524051,31.811076825057796],[44.52887661709114,31.77847019806256],[44.528469055276204,31.71558598885746],[44.541511033354176,31.640723835041864],[44.52235562805215,31.6171006665045],[44.50483047000988,31.625751404278745],[44.47752382840912,31.634734862736618],[44.45633061403241,31.630076773165868],[44.43432227602583,31.60878264941388],[44.42943153424659,31.585159480876513],[44.45103231043824,31.5515546918304],[44.515834639013164,31.48567599647268],[44.534582482500255,31.475361655280306],[44.72695165915037,31.407486635820835],[44.651145161572146,31.054802711178475],[44.62709901449088,31.006890932736496],[44.57941428214329,30.934357823706275],[44.53295223524051,30.898091269191163],[44.494233862821524,30.858497507839804],[44.44532644502912,30.792951533165706],[44.438397894175196,30.788958884962206],[44.378078745564565,30.766999319842967],[44.32876376595723,30.736056296265854],[44.3128688551747,30.722414748237235],[44.27211267368103,30.67616657321338],[44.2362472339666,30.615278688110028],[44.05651247357952,30.167103927267334],[43.836836655328646,29.83338508159159],[43.824202239065606,29.814087281941347]]]}},{"type":"Feature","properties":{"id":"NI","featurecla":"Admin-1 scale rank","scalerank":5,"adm1_code":"IRQ-3051","diss_me":3051,"iso_3166_2":"IQ-NI","wikipedia":"","iso_a2":"IQ","adm0_sr":1,"name":"Ninawa","name_alt":"Al-Mawsil|Mosul|Ninive|N¡nive|Nineveh|Niniveh","name_local":"","type_en":"Province","code_local":"","note":"","hasc_maybe":"","postal":"NI","sameascity":-99,"woe_name":"Ninawa","latitude":35.9228,"longitude":42.7469,"admin":"Iraq","gn_a1_code":"15","min_zoom":6.7},"geometry":{"type":"Polygon","coordinates":[[[42.37695023422543,37.06207465402544],[42.383878785079354,37.040780530273445],[42.3977358867872,37.01715736173608],[42.41444592119961,36.995530517300466],[42.45275673180365,36.96558565577423],[42.47068945166087,36.95493859389823],[42.48821460970314,36.95527131458186],[42.507777576820104,36.97290551081397],[42.507777576820104,36.95793308005085],[42.5032943968558,36.937969839033364],[42.50410952048568,36.92166652553574],[42.52081955489808,36.918339318699495],[42.513075880414284,36.896379753580256],[42.5155212513039,36.88739629512238],[42.52408004941758,36.87974371939901],[42.53508421842086,36.86310768521777],[42.50859270044998,36.86177680248327],[42.50410952048568,36.85146246129089],[42.51470612767403,36.8434771648839],[42.53508421842086,36.84946613718915],[42.566058916356056,36.83649003052778],[42.582768950768454,36.82650841001903],[42.5966260524763,36.795898107125545],[42.61252096325884,36.789243693453045],[42.65449983019732,36.7885782520858],[42.65939057197655,36.790574576187545],[42.663873751940855,36.79523266575829],[42.669172055535036,36.799890755329045],[42.67813841546364,36.80188707943079],[42.690365269911744,36.799558034645415],[42.69933162984035,36.79423450370742],[42.72949120414567,36.76661868696655],[42.74701636218794,36.75397530098881],[42.75679784574642,36.750315373468936],[42.76454152023022,36.74964993210169],[42.772692756528954,36.747653607999936],[42.78125155464262,36.74033375296019],[42.758835654821105,36.73334661860407],[42.7498692948925,36.72735764629882],[42.74701636218794,36.71970507057545],[42.75394491304186,36.71138705348483],[42.76454152023022,36.712052494852074],[42.799591836314775,36.72635948424794],[42.80815063442844,36.7256940428807],[42.82241529795123,36.71970507057545],[42.82975141062009,36.714714260321074],[42.834642152399326,36.70805984664858],[42.84360851232794,36.69242197451821],[42.85175974862667,36.70473263981233],[42.861133670370215,36.71038889143395],[42.87295296300338,36.712385215535704],[42.8876251883411,36.712385215535704],[42.89944448097426,36.71005617075033],[42.98136440577654,36.74698816663269],[43.11219174837122,36.76129515602856],[43.15254036804995,36.76395692149756],[43.18596043687475,36.7779311902098],[43.20104022402741,36.786581927984045],[43.20552340399171,36.802219800114415],[43.21448976392033,36.82018671703016],[43.223048562033995,36.84281172351665],[43.25239301270943,36.881740043500756],[43.283367710644626,36.91135218434337],[43.290703823313486,36.92133380485212],[43.30456092502133,36.93031726330999],[43.3208633976188,36.93464263219711],[43.35876664640791,36.93098270467724],[43.373846433560566,36.92432829100474],[43.3897413443431,36.914346670495995],[43.40319088423601,36.90303416725275],[43.43335045854133,36.88539997102063],[43.4508756165836,36.87242386435926],[43.483072999963596,36.859780478381516],[43.62816500608106,36.828504734120784],[43.64202210778891,36.82617568933541],[43.64895065864283,36.82650841001903],[43.65180359134739,36.83116649958978],[43.652618714977265,36.835824589160524],[43.652618714977265,36.841480840782154],[43.654248962237006,36.84680437172015],[43.6575094567565,36.85046429924002],[43.66484556942536,36.85345878539265],[43.674219491168905,36.85478966812715],[43.69092952558131,36.8501315785564],[43.694597581915744,36.84813525445465],[43.69826563825017,36.84846797513827],[43.701526132769665,36.85112974060727],[43.70600931273397,36.862442243850516],[43.70723199817878,36.868763936839386],[43.707639559993716,36.87375474709376],[43.70682443636384,36.87741467461363],[43.70560175091903,36.88040916076626],[43.70560175091903,36.88539997102063],[43.70478662728916,36.88772901580601],[43.70478662728916,36.890390781275],[43.70478662728916,36.89338526742763],[43.70437906547422,36.8970451949475],[43.702341256399535,36.902701446569125],[43.70315638002941,36.9050304913545],[43.708454683623586,36.90702681545625],[43.71293786358789,36.909355860241625],[43.71782860536713,36.913348508445125],[43.72597984166587,36.927322777157364],[43.72801765074055,36.93231358741174],[43.72801765074055,36.936638956298864],[43.72720252711068,36.941629766553234],[43.72597984166587,36.94662057680761],[43.723534470776244,36.95127866637836],[43.72027397625675,36.95427315253098],[43.714975672662575,36.95626947663273],[43.708862245438524,36.957267638683604],[43.69174464921118,36.96159300757073],[43.68359341291245,36.965252935090604],[43.67584973842865,36.9665838178251],[43.66158507490587,36.96691653850873],[43.65587920949675,36.96824742124323],[43.65058090590258,36.9705764660286],[43.640391860529164,36.97656543833384],[43.63794648963954,36.979559924486466],[43.63672380419473,36.982554410639096],[43.63631624237979,36.985216176108096],[43.633463309675236,36.98987426567884],[43.6330557478603,36.992868751831466],[43.632648186045365,36.996528679351336],[43.633463309675236,37.00018860687121],[43.63590868056486,37.00784118259458],[43.639576736899286,37.01582647900158],[43.640799422344095,37.024144496092205],[43.640799422344095,37.02747170292845],[43.64161454597397,37.030466189081075],[43.646505287753214,37.03845148548807],[43.64935822045777,37.042111413007945],[43.653841400422074,37.04577134052782],[43.6575094567565,37.04776766462957],[43.660362389461056,37.048765826680444],[43.66484556942536,37.048433105996814],[43.66932874938966,37.047102223262314],[43.68726146924688,37.039449647538945],[43.69867320006511,37.036787882069945],[43.76877383223422,37.0268062615612],[43.796488035649915,37.01782280310333],[43.82827785721497,37.01183383079808],[43.8918575003451,36.98421801405722],[43.91468096198155,36.98022536585372],[43.920386827390665,36.981223527904596],[43.92609269279978,36.979892645170096],[43.93139099639396,36.97656543833384],[43.95339933440054,36.95926396278535],[43.973777425147375,36.949282342276604],[43.98763452685522,36.940298883818734],[44.000676504933196,36.93497535288074],[44.00638237034231,36.931315425360864],[44.01168067393648,36.92499373237199],[44.01290335938129,36.92000292211762],[44.015756292085854,36.91534483254687],[44.02023947205015,36.909023139558],[44.01983191023522,36.90602865340537],[44.017386539345594,36.90436504998725],[44.01331092119623,36.90369960862],[44.01045798849167,36.9023687258855],[44.01045798849167,36.90037240178375],[44.01290335938129,36.898708798365625],[44.029205831978764,36.89904151904925],[44.03287388831319,36.900039681100125],[44.036949506462555,36.898708798365625],[44.04102512461193,36.896047032896625],[44.04754611365091,36.88806173648963],[44.04795367546585,36.883403646918886],[44.04713855183598,36.879410998715386],[44.04550830457623,36.876749233246386],[44.04673099002104,36.87375474709376],[44.054882226319776,36.86310768521777],[44.0585502826542,36.86144408179964],[44.066293957138,36.86210952316689],[44.070777137102304,36.86310768521777],[44.07485275525167,36.86310768521777],[44.084226676995215,36.86144408179964],[44.11397868948559,36.85944775769789],[44.117646745820025,36.85811687496339],[44.12212992578433,36.85545510949439],[44.125797982118755,36.85046429924002],[44.13028116208306,36.8461389303529],[44.13761727475192,36.8421462821494],[44.2317640540023,36.808874213786915],[44.248474088414696,36.798227151910915],[44.25703288652837,36.79423450370742],[44.262331190122545,36.7899091348203],[44.26436899919723,36.7859164866168],[44.2651841228271,36.77726574884255],[44.26599924645698,36.77294037995543],[44.27659585364533,36.76428964218118],[44.27985634816483,36.75663706645781],[44.28556221357394,36.74532456321457],[44.288415146278496,36.74465912184731],[44.29086051716811,36.74532456321457],[44.29330588805774,36.74698816663269],[44.29534369713242,36.74798632868357],[44.29778906802204,36.747653607999936],[44.29982687709672,36.74599000458181],[44.301864686171406,36.74299551842919],[44.302679809801276,36.73933559090932],[44.302272247986345,36.73467750133857],[44.296973944392164,36.7256940428807],[44.261108504677736,36.687431164263835],[44.23298673944711,36.66713520256272],[44.21709182866457,36.647171961545226],[44.200381794252166,36.64251387197448],[44.192638119768375,36.638188503087356],[44.165331478167616,36.61855798275349],[44.14821388194027,36.60990724497924],[44.1351719038623,36.60092378652137],[44.124982858488885,36.59926018310325],[44.12090724033952,36.60092378652137],[44.119684554894704,36.60358555199037],[44.12009211670964,36.606580038142994],[44.118461869449895,36.60824364156112],[44.11479381311547,36.61023996566287],[44.10908794770635,36.61157084839737],[44.104197205927115,36.611903569080994],[44.098898902332934,36.61023996566287],[44.08870985695952,36.606580038142994],[44.085041800625085,36.60624731745937],[44.08137374429066,36.606580038142994],[44.078113249771164,36.60558187609212],[44.07526031706661,36.602920110623124],[44.07363006980686,36.597596579685124],[44.07322250799192,36.59393665216525],[44.07199982254711,36.59027672464538],[44.06873932802762,36.58894584191088],[44.062218338988636,36.590942166012624],[44.05895784446914,36.593603931481624],[44.058142720839264,36.5972638590015],[44.05895784446914,36.601256507204994],[44.06099565354382,36.60491643472487],[44.062218338988636,36.60824364156112],[44.0618107771737,36.610572686346494],[44.05936540628407,36.611903569080994],[44.054882226319776,36.611903569080994],[44.050399046355466,36.61123812771374],[44.04469318094635,36.60990724497924],[44.04021000098205,36.609241803611994],[44.03531925920281,36.61023996566287],[44.03124364105344,36.611903569080994],[44.02839070834889,36.614565334549994],[44.02676046108914,36.61755982070262],[44.02594533745927,36.62088702753886],[44.02390752838458,36.62354879300786],[44.021869719309905,36.62388151369149],[44.01942434842028,36.62221791027336],[44.01942434842028,36.61689437933536],[44.02064703386509,36.613234451815494],[44.02431509019952,36.60857636224475],[44.02309240475471,36.60624731745937],[44.01820166297547,36.60591459677575],[44.01494116845598,36.60691275882662],[44.01249579756636,36.60857636224475],[44.00719749397218,36.60624731745937],[43.99863869585851,36.60092378652137],[43.97336986333244,36.57730061798401],[43.969294245183065,36.568982600893385],[43.96644131247851,36.56465723200626],[43.96277325614408,36.559999142435515],[43.95258421077067,36.55367744944664],[43.94565565991674,36.54635759440689],[43.9317985582089,36.537706856632646],[43.925685130984846,36.53604325321452],[43.920386827390665,36.53737413594902],[43.91794145650105,36.54070134278527],[43.91468096198155,36.54336310825427],[43.91142046746206,36.545692153039646],[43.9085675347575,36.54535943235602],[43.905714602052946,36.54236494620339],[43.90449191660814,36.535377811847276],[43.905714602052946,36.52306714655315],[43.90367679297826,36.51674545356428],[43.898786051199025,36.51142192262628],[43.88981969127042,36.50876015715728],[43.88370626404637,36.50842743647366],[43.85843743152029,36.51108920194266],[43.85436181337092,36.50876015715728],[43.851916442481304,36.50476750895378],[43.852324004296236,36.49511860912867],[43.85436181337092,36.490460519557914],[43.856807184260546,36.48713331272167],[43.858029869705355,36.48380610588542],[43.858844993335225,36.480146178365544],[43.858844993335225,36.47582080947842],[43.85721474607548,36.47049727854042],[43.85395425155598,36.46550646828605],[43.844580329812445,36.459517495980805],[43.83642909351371,36.45619028914456],[43.82950054265979,36.454193965042805],[43.82216442999092,36.454193965042805],[43.811160260987634,36.455524847777305],[43.8074922046532,36.455524847777305],[43.804639271948645,36.452863082308305],[43.804231710133706,36.449203154788435],[43.80830732828308,36.439886975646935],[43.809937575542826,36.430903517189066],[43.811160260987634,36.41626380710957],[43.803824148318775,36.39630056609208],[43.78670655209143,36.37267739755471],[43.74472768515295,36.33208547415248],[43.728425212555486,36.320107529541986],[43.71008493088333,36.31045862971686],[43.702341256399535,36.30746414356424],[43.688076592876754,36.29382259553562],[43.66566069305524,36.28583729912862],[43.6575094567565,36.27984832682338],[43.6497657822727,36.27119758904913],[43.63794648963954,36.25489427555151],[43.62898012971093,36.24491265504277],[43.59759786996081,36.22195492787265],[43.592299566366634,36.21530051420015],[43.58700126277245,36.20365529027328],[43.57518197013929,36.18402476993941],[43.55602656483727,36.17237954601254],[43.5474677667236,36.17138138396167],[43.544207272204105,36.16838689780904],[43.538908968609924,36.15940343935117],[43.536871159535245,36.15241630499505],[43.53401822683068,36.14576189132256],[43.51241745063904,36.11348798501094],[43.510379641564356,36.10516996792032],[43.50997207974942,36.098515554247825],[43.51160232700917,36.07855231323033],[43.510379641564356,36.073894223659586],[43.5075267088598,36.068570692721586],[43.49326204533702,36.05160193785672],[43.482665438148665,36.04328392076609],[43.353060780998796,35.99903206984399],[43.34490954470006,35.988717728651615],[43.35102297192411,35.96376367737975],[43.361619579112464,35.95478021892188],[43.37792205170993,35.95311661550376],[43.39096402978791,35.95278389482013],[43.394224524307404,35.94579676046401],[43.394224524307404,35.92716440218102],[43.3852581643788,35.85795849998705],[43.37466155719044,35.837662538285926],[43.36732544452158,35.8320062866643],[43.359174208222846,35.8306754039298],[43.352245657368925,35.8306754039298],[43.34653979195981,35.82768091777718],[43.34124148836563,35.82135922478831],[43.319640712173985,35.78076730138608],[43.31597265583956,35.76912207745921],[43.31678777946943,35.76047133968496],[43.31801046491424,35.75481508806334],[43.33431293751171,35.7235393438026],[43.32453145395323,35.71621948876285],[43.32249364487855,35.70856691303948],[43.318825588544115,35.694259923643614],[43.3086365431707,35.68993455475649],[43.29518700327779,35.688936392705614],[43.280922339755,35.68527646518574],[43.2731786652712,35.67762388946237],[43.258506439933484,35.65566432434313],[43.2442417764107,35.64668086588526],[43.22467880929374,35.642022776314505],[43.20552340399171,35.63104299375489],[43.13990595178691,35.60875070795202],[43.01926765456565,35.54120840917617],[43.00215005833831,35.53987752644167],[42.99399882203957,35.537881202339925],[42.983809776666156,35.53289039208555],[42.96057875321477,35.516919799271555],[42.94835189876667,35.51026538559906],[42.9198225717211,35.49961832372306],[42.916562077201604,35.49928560303944],[42.91411670631199,35.49961832372306],[42.9120788972373,35.49928560303944],[42.91044864997755,35.49828744098856],[42.90841084090287,35.497621999621316],[42.90515034638338,35.49795472030494],[42.901889851863885,35.49795472030494],[42.89781423371451,35.49828744098856],[42.89496130100996,35.49695655825406],[42.8921083683054,35.49429479278507],[42.888847873785906,35.49030214458157],[42.88558737926642,35.48431317227632],[42.881919322931985,35.48231684817457],[42.88028907567224,35.480653244756446],[42.8798815138573,35.479322362021946],[42.888440311970975,35.46767713809508],[42.89862935734439,35.44837933844484],[42.900667166419076,35.441392204088714],[42.89903691915933,35.43540323178347],[42.89373861556515,35.42675249400922],[42.889255435600845,35.42142896307122],[42.8876251883411,35.41876719760222],[42.88477225563654,35.40545837025723],[42.88558737926642,35.39880395658473],[42.8876251883411,35.39115138086136],[42.89251593012034,35.38449696718886],[42.89292349193528,35.371188139843866],[42.895368862824895,35.364866446855],[42.922675504425655,35.33591974737963],[42.93041917890945,35.32993077507438],[42.94590652787704,35.319949154565634],[42.950389707841346,35.314958344311265],[42.95528044962059,35.30763848927152],[42.956095573250465,35.30031863423177],[42.957318258695274,35.292666058508395],[42.9687299895135,35.266713845185656],[42.97117536040312,35.264384800400286],[42.97362073129274,35.26338663834941],[42.97565854036743,35.26405207971666],[42.977696349442105,35.26471752108391],[42.97932659670185,35.264384800400286],[42.98014172033173,35.26238847629853],[42.97932659670185,35.25706494536054],[42.97525097855249,35.24941236963716],[42.97362073129274,35.24309067664829],[42.97402829310768,35.23643626297579],[42.970767798588184,35.219800228794554],[42.970360236773246,35.21248037375481],[42.97117536040312,35.21015132896943],[42.97239804584793,35.20848772555131],[42.97402829310768,35.208155004867685],[42.9764736639973,35.20882044623493],[42.978919034886914,35.20848772555131],[42.983809776666156,35.20715684281681],[42.98707027118565,35.19983698777706],[42.99522150748439,35.18819176385019],[42.9964441929292,35.18253551222857],[42.997666878374005,35.180539188126815],[43.00051981107856,35.17920830539232],[43.00337274378312,35.17887558470869],[43.004595429227926,35.177877422657815],[43.004595429227926,35.174217495137945],[43.005818114672735,35.17255389171982],[43.00785592374742,35.17188845035257],[43.011116418266916,35.1722211710362],[43.011931541896786,35.17055756761807],[43.011523980081854,35.1682285228327],[43.00948617100717,35.16589947804732],[43.00948617100717,35.1642358746292],[43.011523980081854,35.16323771257832],[43.01519203641628,35.1629049918947],[43.01926765456565,35.1629049918947],[43.02252814908514,35.16223955052745],[43.024973519974765,35.16190682984382],[43.02864157630919,35.16223955052745],[43.029864261754,35.16090866779295],[43.03271719445856,35.15159248865145],[43.03393987990337,35.14893072318245],[43.03434744171831,35.14660167839708],[43.03638525079299,35.140279985408206],[43.0376079362378,35.13662005788834],[43.03597768897805,35.13162924763396],[43.031086947198816,35.12098218575797],[43.03149450901375,35.11865314097259],[43.03516256534818,35.11366233071822],[43.037200374422866,35.109004241147474],[43.03557012716312,35.1026825481586],[43.024973519974765,35.09669357585335],[42.98788539481552,35.09270092764985],[42.63126880674592,35.09103732423173],[42.51633637493378,35.070075921163365],[42.49147510422264,34.97258876086128],[42.27342953323151,34.94830015095666],[42.24286239711126,34.959279933516285],[42.2078120810267,34.9729214815449],[42.18987936116949,34.975915967697524],[42.04927053501633,34.96094353693441],[41.98406064462646,34.964270743770655],[41.85201061658697,35.00685899127464],[41.57853663876446,35.099688062005974],[41.5112889392999,35.108671520463844],[41.34215078610118,35.14859800249883],[41.213768814396126,35.15824690232395],[41.19216803820448,35.1589123436912],[41.19135291457461,35.18220279154494],[41.201541959948024,35.24309067664829],[41.243113265071564,35.36653005027312],[41.25207962500017,35.46401721057521],[41.26104598492878,35.49429479278507],[41.26104598492878,35.49429479278507],[41.26145354674372,35.49429479278507],[41.26145354674372,35.49429479278507],[41.30832315546144,35.552188191735794],[41.34215078610118,35.5937782771889],[41.35804569688371,35.624055859398766],[41.36334400047789,35.655331603659505],[41.35926838232852,35.79274524599657],[41.35437764054928,35.82568459367543],[41.343781033360926,35.85762577930342],[41.26634428852296,35.99437398027324],[41.26634428852296,35.99437398027324],[41.26634428852296,35.99437398027324],[41.24066789418195,36.04295120008247],[41.236592276032574,36.06025267563096],[41.236592276032574,36.07688870981221],[41.268789659412576,36.328092825948985],[41.276940895711306,36.35471048063897],[41.365381809552574,36.49378772639417],[41.365381809552574,36.49412044707779],[41.365381809552574,36.49412044707779],[41.365381809552574,36.49412044707779],[41.385352338484466,36.51641273288065],[41.41469678915991,36.527392515440276],[41.47990667954978,36.53604325321452],[41.7900612207166,36.5892785625945],[41.817367862317354,36.59959290378687],[41.843859380288244,36.61789254138624],[41.97835477921735,36.73367933928769],[42.178467630351264,36.905363212038125],[42.281580769530244,36.99386691388234],[42.28198833134518,36.99386691388234],[42.28198833134518,36.994199634565966],[42.34597553629024,37.04277685437519],[42.37695023422543,37.06207465402544]]]}},{"type":"Feature","properties":{"id":"SD","featurecla":"Admin-1 scale rank","scalerank":5,"adm1_code":"IRQ-3052","diss_me":3052,"iso_3166_2":"IQ-SD","wikipedia":"","iso_a2":"IQ","adm0_sr":1,"name":"Sala ad-Din","name_alt":"Salah ad-Din|Salaheddin","name_local":"","type_en":"Province","code_local":"","note":"","hasc_maybe":"","postal":"SD","sameascity":-99,"woe_name":"Sala ad-Din","latitude":34.3421,"longitude":43.7294,"admin":"Iraq","gn_a1_code":"18","min_zoom":6.7},"geometry":{"type":"Polygon","coordinates":[[[44.561889124101015,35.12896748216497],[44.66296445420531,35.04212738373887],[44.679266926802775,35.03580569075],[44.70209038843923,35.030482159812],[44.719207984666575,35.03580569075],[44.828434551069606,35.0318130425465],[44.86593023804378,35.02615679092488],[44.951925780995424,34.97658140906478],[44.964152635443526,34.96460346445428],[44.96659800633314,34.960278095567155],[44.96741312996301,34.956618168047285],[44.96659800633314,34.95196007847653],[44.96333751181365,34.93865125113154],[44.965782882703266,34.86744902483582],[44.918505712170614,34.83184791168796],[44.88590076697568,34.81787364297571],[44.85981681081973,34.809222905201466],[44.84799751818657,34.801570329478096],[44.84147652914758,34.79391775375473],[44.841068967332646,34.78726334008223],[44.841884090962516,34.78094164709336],[44.842699214592386,34.772623630002734],[44.83862359644302,34.76164384744311],[44.82517405655011,34.74301148916012],[44.80601865124809,34.7267081756625],[44.7917539877253,34.71705927583738],[44.77911957146227,34.712733906950255],[44.75099780623164,34.70574677259413],[44.7306197154848,34.696097872769016],[44.72083823192632,34.68911073841289],[44.71635505196202,34.68245632474039],[44.71635505196202,34.67646735243515],[44.7183928610367,34.6704783801299],[44.72246847918607,34.66415668714102],[44.727359220965305,34.65816771483578],[44.7306197154848,34.64652249090891],[44.72898946822505,34.631882780829415],[44.71350211925746,34.60426696408855],[44.70086770299442,34.58995997469268],[44.686603039471635,34.578647471449436],[44.66989300505924,34.569331292307936],[44.65318297064683,34.55735334769744],[44.6417712398286,34.54637356513782],[44.63525025078962,34.536391944629074],[44.630359509010376,34.52441400001858],[44.62750657630582,34.52408127933496],[44.62220827271164,34.52674304480396],[44.58552770936734,34.5540261408612],[44.57493110217899,34.56001511316644],[44.56596474225038,34.56334232000269],[44.55047739328278,34.56633680615531],[44.53091442616582,34.573323940511436],[44.521948066237215,34.577316588714936],[44.51787244808785,34.57565298529681],[44.50605315545469,34.56300959931907],[44.50401534638,34.55735334769744],[44.50279266093519,34.55369342017757],[44.502385099120254,34.544377241036074],[44.51746488627291,34.511770614040834],[44.51705732445798,34.50644708310284],[44.514611953568355,34.498794507379465],[44.50279266093519,34.489811048921595],[44.50156997549038,34.487149283452595],[44.50279266093519,34.48615112140172],[44.50523803182481,34.48615112140172],[44.50890608815924,34.484820238667226],[44.51257414449367,34.48149303183097],[44.51705732445798,34.4738404561076],[44.5162422008281,34.4698478079041],[44.51257414449367,34.4671860424351],[44.50320022275013,34.46485699764973],[44.499124604600766,34.4645242769661],[44.494641424636455,34.46352611491523],[44.49056580648709,34.46086434944623],[44.48608262652279,34.45420993577373],[44.48526750289292,34.45055000825386],[44.48608262652279,34.44888640483573],[44.487712873782534,34.44988456688661],[44.49015824467215,34.45154817030473],[44.493011177376715,34.452213611671986],[44.4962716718962,34.45055000825386],[44.49545654826633,34.448220963468486],[44.49341873919165,34.44522647731586],[44.48893555922734,34.44090110842874],[44.48893555922734,34.43790662227612],[44.49097336830203,34.43591029817436],[44.494641424636455,34.43524485680712],[44.49790191915595,34.43591029817436],[44.50360778456506,34.43890478432699],[44.50686827908456,34.43923750501062],[44.50972121178911,34.43724118090887],[44.50890608815924,34.43457941543987],[44.507275840899496,34.43125220860362],[44.50360778456506,34.421936029462124],[44.50156997549038,34.41860882262587],[44.494641424636455,34.412952571004254],[44.49586411008127,34.40929264348438],[44.49830948097089,34.40430183323001],[44.50156997549038,34.39432021272126],[44.501162413675445,34.38633491631426],[44.494233862821524,34.36770255803127],[44.48445237926304,34.34973564111553],[44.47670870477924,34.33975402060678],[44.47670870477924,34.33542865171966],[44.4795616374838,34.32977240009804],[44.48526750289292,34.32311798642554],[44.494233862821524,34.31446724865129],[44.50197753730532,34.30914371771329],[44.50890608815924,34.305816510877044],[44.520725380792406,34.29383856626655],[44.50686827908456,34.286518711226805],[44.50972121178911,34.26655547020931],[44.50890608815924,34.26256282200581],[44.50523803182481,34.260233777220435],[44.500347290045575,34.25857017380231],[44.493011177376715,34.25457752559881],[44.49097336830203,34.24892127397719],[44.49097336830203,34.230621636377826],[44.48893555922734,34.226628988174326],[44.486490188337726,34.22563082612345],[44.48322969381823,34.2276271502252],[44.47752382840912,34.232950681163196],[44.47467089570456,34.233283401846826],[44.47059527755519,34.231619798428696],[44.466519659405826,34.2289580329597],[44.4628516030714,34.22729442954157],[44.459591108551905,34.226628988174326],[44.44817937773367,34.2262962674907],[44.439213017805066,34.2236345020217],[44.4351373996557,34.221305457236326],[44.41435174709393,34.19601868528084],[44.41027612894457,34.188698830241094],[44.40783075805494,34.18038081315047],[44.40579294898026,34.17738632699785],[44.40253245446077,34.17605544426335],[44.39967952175621,34.17638816494697],[44.397641712681526,34.17738632699785],[44.39723415086659,34.17871720973235],[44.39967952175621,34.183375299303094],[44.39967952175621,34.18636978545572],[44.397641712681526,34.188698830241094],[44.391935847272414,34.18770066819022],[44.38826779093798,34.18437346135397],[44.384192172788616,34.17871720973235],[44.38133924008406,34.17239551674347],[44.377263621934695,34.169068309907225],[44.37278044197039,34.167737427172725],[44.36096114933723,34.16840286853997],[44.35158722759368,34.166406544438225],[44.34832673307419,34.16441022033648],[44.34832673307419,34.1620811755511],[44.350364542148874,34.1594194100821],[44.35240235122355,34.15575948256223],[44.35321747485343,34.13213631402486],[44.35199478940862,34.12914182787224],[44.349956980333936,34.12814366582137],[44.33813768770077,34.12781094513774],[44.329986451402036,34.126147341719616],[44.32591083325267,34.12315285556699],[44.323873024177985,34.119825648730746],[44.32509570962279,34.115833000527246],[44.33243182229165,34.105185938651246],[44.3340620695514,34.101858731815],[44.3340620695514,34.09753336292788],[44.33161669866178,34.09121166993901],[44.32754108051242,34.08788446310275],[44.30634786613571,34.07557379780864],[44.30431005706102,34.07224659097239],[44.309608360655204,34.06559217729989],[44.31123860791495,34.06060136704552],[44.30390249524609,34.043965332864275],[44.30104956254153,34.03165466757015],[44.29004539353824,34.01834584022516],[44.289230269908366,34.01335502997079],[44.289637831723304,34.005037012880166],[44.2928983262428,34.00270796809479],[44.2973815062071,34.00170980604392],[44.30471761887596,34.002375247411166],[44.3128688551747,34.00437157151291],[44.34017549677545,34.00703333698191],[44.36666701474634,34.003706130145666],[44.37278044197039,34.00137708536029],[44.381746801899,33.998382599207666],[44.42820884880178,33.96344692742706],[44.440028141434944,33.951136262132934],[44.44777181591874,33.935498390002564],[44.45103231043824,33.916200590352325],[44.45021718680836,33.89756823206933],[44.44410375958431,33.88026675652084],[44.40986856712963,33.835349464231484],[44.391528285457476,33.7927612167275],[44.38949047638279,33.783445037586006],[44.38908291456786,33.77446157912813],[44.391935847272414,33.76547812067026],[44.396826589051656,33.75682738289601],[44.40375513990558,33.74984024853989],[44.42331810702254,33.73320421435865],[44.425763477912156,33.72887884547153],[44.425763477912156,33.724553476584404],[44.411906376204314,33.70592111830141],[44.40783075805494,33.698601263261665],[44.39315853271722,33.64470051251443],[44.40457026353545,33.62174278534432],[44.40130976901596,33.596788734072454],[44.39315853271722,33.570836520749715],[44.35362503666836,33.54155710059072],[44.336507440441025,33.53091003871473],[44.3128688551747,33.51261040111536],[44.29819662983697,33.49797069103587],[44.24480603208027,33.43342287841264],[44.17103734357673,33.43708280593252],[44.137209712936986,33.45671332626638],[44.10012158777774,33.46602950540788],[44.13354165660255,33.48798907052712],[44.12335261122914,33.496972528985],[44.10175183503749,33.52858099392935],[44.070369575287366,33.594126968603454],[44.05202929361521,33.622740947395194],[44.036134382832685,33.63704793679106],[44.001491628563066,33.66366559148105],[43.97133205425775,33.6709854465208],[43.803416586503836,33.66765823968455],[43.71293786358789,33.69261229095642],[43.58985419547701,33.7338696557259],[43.482665438148665,33.74884208648902],[43.42968240220689,33.76547812067026],[43.29233407057323,33.86529432575772],[43.13175471548818,33.99938076125854],[43.06328433057881,34.07557379780864],[43.01070885645198,34.18137897520134],[43.0009273728935,34.234281563897696],[42.98584758574084,34.287516873277674],[42.96017119139983,34.31812717617117],[42.95242751691603,34.3480720376974],[42.94753677513679,34.410290805535254],[42.928788931649706,34.49580002122684],[42.80937331987325,34.43923750501062],[42.77717593649326,34.442897432530486],[42.73397438410997,34.46352611491523],[42.53956739838517,34.595283505630675],[42.50003390233631,34.740017003007495],[42.498403655076565,34.95861449214903],[42.49147510422264,34.97258876086128],[42.51633637493378,35.070075921163365],[42.63126880674592,35.09103732423173],[42.98788539481552,35.09270092764985],[43.024973519974765,35.09669357585335],[43.03557012716312,35.1026825481586],[43.037200374422866,35.109004241147474],[43.03516256534818,35.11366233071822],[43.03149450901375,35.11865314097259],[43.031086947198816,35.12098218575797],[43.03597768897805,35.13162924763396],[43.0376079362378,35.13662005788834],[43.03638525079299,35.140279985408206],[43.03434744171831,35.14660167839708],[43.03393987990337,35.14893072318245],[43.03271719445856,35.15159248865145],[43.029864261754,35.16090866779295],[43.02864157630919,35.16223955052745],[43.024973519974765,35.16190682984382],[43.02252814908514,35.16223955052745],[43.01926765456565,35.1629049918947],[43.01519203641628,35.1629049918947],[43.011523980081854,35.16323771257832],[43.00948617100717,35.1642358746292],[43.00948617100717,35.16589947804732],[43.011523980081854,35.1682285228327],[43.011931541896786,35.17055756761807],[43.011116418266916,35.1722211710362],[43.00785592374742,35.17188845035257],[43.005818114672735,35.17255389171982],[43.004595429227926,35.174217495137945],[43.004595429227926,35.177877422657815],[43.00337274378312,35.17887558470869],[43.00051981107856,35.17920830539232],[42.997666878374005,35.180539188126815],[42.9964441929292,35.18253551222857],[42.99522150748439,35.18819176385019],[42.98707027118565,35.19983698777706],[42.983809776666156,35.20715684281681],[42.978919034886914,35.20848772555131],[42.9764736639973,35.20882044623493],[42.97402829310768,35.208155004867685],[42.97239804584793,35.20848772555131],[42.97117536040312,35.21015132896943],[42.970360236773246,35.21248037375481],[42.970767798588184,35.219800228794554],[42.97402829310768,35.23643626297579],[42.97362073129274,35.24309067664829],[42.97525097855249,35.24941236963716],[42.97932659670185,35.25706494536054],[42.98014172033173,35.26238847629853],[42.97932659670185,35.264384800400286],[42.977696349442105,35.26471752108391],[42.97565854036743,35.26405207971666],[42.97362073129274,35.26338663834941],[42.97117536040312,35.264384800400286],[42.9687299895135,35.266713845185656],[42.957318258695274,35.292666058508395],[42.956095573250465,35.30031863423177],[42.95528044962059,35.30763848927152],[42.950389707841346,35.314958344311265],[42.94590652787704,35.319949154565634],[42.93041917890945,35.32993077507438],[42.922675504425655,35.33591974737963],[42.895368862824895,35.364866446855],[42.89292349193528,35.371188139843866],[42.89251593012034,35.38449696718886],[42.8876251883411,35.39115138086136],[42.88558737926642,35.39880395658473],[42.88477225563654,35.40545837025723],[42.8876251883411,35.41876719760222],[42.889255435600845,35.42142896307122],[42.89373861556515,35.42675249400922],[42.89903691915933,35.43540323178347],[42.900667166419076,35.441392204088714],[42.89862935734439,35.44837933844484],[42.888440311970975,35.46767713809508],[42.8798815138573,35.479322362021946],[42.88028907567224,35.480653244756446],[42.881919322931985,35.48231684817457],[42.88558737926642,35.48431317227632],[42.888847873785906,35.49030214458157],[42.8921083683054,35.49429479278507],[42.89496130100996,35.49695655825406],[42.89781423371451,35.49828744098856],[42.901889851863885,35.49795472030494],[42.90515034638338,35.49795472030494],[42.90841084090287,35.497621999621316],[42.91044864997755,35.49828744098856],[42.9120788972373,35.49928560303944],[42.91411670631199,35.49961832372306],[42.916562077201604,35.49928560303944],[42.9198225717211,35.49961832372306],[42.94835189876667,35.51026538559906],[42.96057875321477,35.516919799271555],[42.983809776666156,35.53289039208555],[42.99399882203957,35.537881202339925],[43.00215005833831,35.53987752644167],[43.01926765456565,35.54120840917617],[43.13990595178691,35.60875070795202],[43.20552340399171,35.63104299375489],[43.22467880929374,35.642022776314505],[43.2442417764107,35.64668086588526],[43.258506439933484,35.65566432434313],[43.2731786652712,35.67762388946237],[43.280922339755,35.68527646518574],[43.29518700327779,35.688936392705614],[43.3086365431707,35.68993455475649],[43.318825588544115,35.694259923643614],[43.32249364487855,35.70856691303948],[43.32453145395323,35.71621948876285],[43.33431293751171,35.7235393438026],[43.32779194847272,35.69625624774536],[43.325754139398036,35.691598158174614],[43.32167852124867,35.68594190655299],[43.32290120669348,35.68194925834949],[43.325754139398036,35.678622051513244],[43.33023731936234,35.674629403309744],[43.33512806114158,35.668307710320875],[43.340018802920824,35.658991531179375],[43.34409442107019,35.64634814520163],[43.3420566119955,35.638362848794635],[43.33920367929095,35.63204115580576],[43.34042636473576,35.628048507602266],[43.34287173562538,35.625386742133266],[43.34776247740462,35.62372313871514],[43.352245657368925,35.62305769734789],[43.3575439609631,35.62072865256252],[43.36365738818715,35.61540512162452],[43.37140106267095,35.60342717701403],[43.375069119005374,35.58812202556728],[43.379552298969685,35.510598106282686],[43.37873717533981,35.501281927141186],[43.377514489895,35.494960234152316],[43.373438871745634,35.48165140680732],[43.37221618630082,35.4693407415132],[43.37140106267095,35.46401721057521],[43.36854812996639,35.46102272442258],[43.36610275907677,35.46002456237171],[43.358359084592976,35.458360958953584],[43.340018802920824,35.45004294186296],[43.32330876850842,35.42741793537647],[43.31434240857981,35.42675249400922],[43.30822898135576,35.42874881811097],[43.30293067776158,35.436068673150714],[43.30252311594665,35.44072676272146],[43.30170799231677,35.445052131608584],[43.298039935982345,35.450375662546584],[43.2964096887226,35.45337014869921],[43.29600212690766,35.456697355535454],[43.2931491942031,35.46035728305533],[43.28907357605374,35.46235360715708],[43.27399378890108,35.4666789760442],[43.26747279986209,35.451706545281084],[43.271955979826394,35.442723086823214],[43.271548418011456,35.43706683520159],[43.26910304712184,35.431077862896345],[43.26747279986209,35.4210962423876],[43.26951060893678,35.411447342562475],[43.27399378890108,35.406123811624475],[43.278884530680315,35.403462046155475],[43.280922339755,35.40080028068648],[43.28581308153424,35.39348042564673],[43.311489475875256,35.37052269847662],[43.32249364487855,35.362204681386],[43.35061541010918,35.3528885022445],[43.36488007363196,35.344903205837504],[43.37099350085601,35.33225981985976],[43.3697708154112,35.32959805439076],[43.366917882706645,35.32826717165626],[43.36365738818715,35.32726900960538],[43.35998933185272,35.325272685503634],[43.35713639914816,35.318950992514765],[43.359174208222846,35.31529106499489],[43.36243470274234,35.31196385815864],[43.36365738818715,35.30763848927152],[43.35998933185272,35.292998779192025],[43.35672883733323,35.28700980688677],[43.35061541010918,35.28035539321428],[43.401560636976264,35.273368258858156],[43.422346289538034,35.265382962451156],[43.4186782332036,35.24641788348454],[43.41011943508993,35.24142707323017],[43.39870770427171,35.23843258707755],[43.38892622071322,35.23344177682317],[43.38485060256386,35.222461994263554],[43.38851865889829,35.21347853580568],[43.39707745701196,35.20083514982794],[43.407266502385376,35.189855367268315],[43.415010176869174,35.18486455701394],[43.48062762907398,35.12663843737959],[43.49407716896689,35.1106678445656],[43.52016112512284,35.10068622405685],[43.538093844980054,35.09003916218085],[43.54787532853853,35.07806121757036],[43.57069879017499,35.06541783159261],[43.648135535012955,35.036138411433626],[43.84784082433193,34.93765308908067],[43.913050714721805,34.90537918276905],[43.983151346890914,34.88375233833344],[44.06833176621268,34.8524765940727],[44.12865091482331,34.82186629117921],[44.21220108688534,34.75266038898524],[44.288415146278496,34.70441588985963],[44.29860419165191,34.70208684507426],[44.31368397880457,34.702419565757886],[44.33609987862609,34.72471185156075],[44.34058305859039,34.73003538249875],[44.34017549677545,34.732364427284125],[44.3295788895871,34.733695310018625],[44.32591083325267,34.734693472069495],[44.32428058599292,34.73668979617125],[44.323873024177985,34.73901884095662],[44.32550327143773,34.74334420984374],[44.32550327143773,34.74567325462912],[44.321835215103306,34.75232766830162],[44.32061252965849,34.75632031650511],[44.32428058599292,34.767300099064734],[44.32509570962279,34.772623630002734],[44.32428058599292,34.78227252982785],[44.32550327143773,34.78626517803135],[44.32876376595723,34.79025782623485],[44.34139818222026,34.79924128469272],[44.34669648581444,34.805230256997966],[44.350364542148874,34.81088650861959],[44.35362503666836,34.820868129128336],[44.3695199474509,34.839167766727705],[44.38093167826912,34.844491297665705],[44.384599734603555,34.848151225185575],[44.3862299818633,34.85147843202182],[44.3862299818633,34.85414019749082],[44.38786022912305,34.8564692422762],[44.39234340908735,34.862458214581444],[44.39315853271722,34.8657854214177],[44.39234340908735,34.86944534893757],[44.392750970902284,34.87110895235569],[44.39315853271722,34.87377071782469],[44.39723415086659,34.88142329354806],[44.40049464538608,34.88641410380244],[44.40049464538608,34.88940858995506],[44.400087083571144,34.89207035542406],[44.40049464538608,34.89406667952581],[44.40130976901596,34.89639572431118],[44.40253245446077,34.904381020718176],[44.418019803428365,34.92434426173567],[44.439620579620005,34.94197845796779],[44.461628917626584,34.96793067129053],[44.46896503029545,34.9742523642794],[44.481191884743545,34.98057405726827],[44.49667923371114,34.98689575025715],[44.5239858753119,35.00353178443839],[44.53376735887038,35.01617517041613],[44.534582482500255,35.030814880495626],[44.514611953568355,35.070075921163365],[44.51338926812355,35.084050189875605],[44.51828000990279,35.10168438610772],[44.52683880801646,35.112664168667344],[44.53621272976,35.121980347808844],[44.54354884242886,35.12630571669597],[44.549254707837974,35.12863476148134],[44.561889124101015,35.12896748216497]]]}},{"type":"Feature","properties":{"id":"TS","featurecla":"Admin-1 scale rank","scalerank":5,"adm1_code":"IRQ-3049","diss_me":3049,"iso_3166_2":"IQ-TS","wikipedia":"","iso_a2":"IQ","adm0_sr":1,"name":"At-Ta'mim","name_alt":"Kirkuk|Tamin","name_local":"","type_en":"Province","code_local":"","note":"","hasc_maybe":"","postal":"TS","sameascity":-99,"woe_name":"At-Ta'mim","latitude":35.3281,"longitude":44.0354,"admin":"Iraq","gn_a1_code":"13","min_zoom":6.7},"geometry":{"type":"Polygon","coordinates":[[[44.62709901449088,35.88557431672791],[44.68252742132227,35.78708899437495],[44.70779625384834,35.76446398788846],[44.7306197154848,35.738844495249346],[44.77708176238758,35.70557242688686],[44.78523299868632,35.68560918586937],[44.78645568413113,35.66897315168812],[44.76933808790378,35.64401910041626],[44.76526246975442,35.63337203854026],[44.76322466067974,35.60808526658477],[44.75914904253037,35.5964400426579],[44.75588854801087,35.56050620882642],[44.75262805349138,35.531559509351055],[44.755073424381,35.52191060952593],[44.761594413419985,35.51159626833356],[44.78319518961163,35.492298468683316],[44.802350594913655,35.4706716242477],[44.80357328035847,35.459359121004454],[44.79827497676429,35.44538485229221],[44.788085931390874,35.428416097427345],[44.75140536804657,35.38782417402511],[44.74406925537771,35.368526374374866],[44.746922188082266,35.35355394361175],[44.75303561530632,35.33658518874688],[44.75711123345569,35.32194547866739],[44.75262805349138,35.30630760653702],[44.74203144630303,35.285013482785025],[44.739178513598475,35.27170465544003],[44.73632558089391,35.265715683134786],[44.732657524559485,35.26105759356403],[44.725321411890626,35.25939399014591],[44.71635505196202,35.255068621258786],[44.70412819751392,35.24808148690266],[44.6939391521405,35.235438100924924],[44.68986353399113,35.22645464246705],[44.6894559721762,35.2178039046928],[44.69067865762101,35.210484049653054],[44.69760720847493,35.19684250162444],[44.69475427577037,35.18819176385019],[44.68415766858202,35.17987374675957],[44.60631336192911,35.159910505742076],[44.561889124101015,35.12896748216497],[44.549254707837974,35.12863476148134],[44.54354884242886,35.12630571669597],[44.53621272976,35.121980347808844],[44.52683880801646,35.112664168667344],[44.51828000990279,35.10168438610772],[44.51338926812355,35.084050189875605],[44.514611953568355,35.070075921163365],[44.534582482500255,35.030814880495626],[44.53376735887038,35.01617517041613],[44.5239858753119,35.00353178443839],[44.49667923371114,34.98689575025715],[44.481191884743545,34.98057405726827],[44.46896503029545,34.9742523642794],[44.461628917626584,34.96793067129053],[44.439620579620005,34.94197845796779],[44.418019803428365,34.92434426173567],[44.40253245446077,34.904381020718176],[44.40130976901596,34.89639572431118],[44.40049464538608,34.89406667952581],[44.400087083571144,34.89207035542406],[44.40049464538608,34.88940858995506],[44.40049464538608,34.88641410380244],[44.39723415086659,34.88142329354806],[44.39315853271722,34.87377071782469],[44.392750970902284,34.87110895235569],[44.39234340908735,34.86944534893757],[44.39315853271722,34.8657854214177],[44.39234340908735,34.862458214581444],[44.38786022912305,34.8564692422762],[44.3862299818633,34.85414019749082],[44.3862299818633,34.85147843202182],[44.384599734603555,34.848151225185575],[44.38093167826912,34.844491297665705],[44.3695199474509,34.839167766727705],[44.35362503666836,34.820868129128336],[44.350364542148874,34.81088650861959],[44.34669648581444,34.805230256997966],[44.34139818222026,34.79924128469272],[44.32876376595723,34.79025782623485],[44.32550327143773,34.78626517803135],[44.32428058599292,34.78227252982785],[44.32509570962279,34.772623630002734],[44.32428058599292,34.767300099064734],[44.32061252965849,34.75632031650511],[44.321835215103306,34.75232766830162],[44.32550327143773,34.74567325462912],[44.32550327143773,34.74334420984374],[44.323873024177985,34.73901884095662],[44.32428058599292,34.73668979617125],[44.32591083325267,34.734693472069495],[44.3295788895871,34.733695310018625],[44.34017549677545,34.732364427284125],[44.34058305859039,34.73003538249875],[44.33609987862609,34.72471185156075],[44.31368397880457,34.702419565757886],[44.29860419165191,34.70208684507426],[44.288415146278496,34.70441588985963],[44.21220108688534,34.75266038898524],[44.12865091482331,34.82186629117921],[44.06833176621268,34.8524765940727],[43.983151346890914,34.88375233833344],[43.913050714721805,34.90537918276905],[43.84784082433193,34.93765308908067],[43.648135535012955,35.036138411433626],[43.57069879017499,35.06541783159261],[43.54787532853853,35.07806121757036],[43.538093844980054,35.09003916218085],[43.52016112512284,35.10068622405685],[43.49407716896689,35.1106678445656],[43.48062762907398,35.12663843737959],[43.415010176869174,35.18486455701394],[43.407266502385376,35.189855367268315],[43.39707745701196,35.20083514982794],[43.38851865889829,35.21347853580568],[43.38485060256386,35.222461994263554],[43.38892622071322,35.23344177682317],[43.39870770427171,35.23843258707755],[43.41011943508993,35.24142707323017],[43.4186782332036,35.24641788348454],[43.422346289538034,35.265382962451156],[43.401560636976264,35.273368258858156],[43.35061541010918,35.28035539321428],[43.35672883733323,35.28700980688677],[43.35998933185272,35.292998779192025],[43.36365738818715,35.30763848927152],[43.36243470274234,35.31196385815864],[43.359174208222846,35.31529106499489],[43.35713639914816,35.318950992514765],[43.35998933185272,35.325272685503634],[43.36365738818715,35.32726900960538],[43.366917882706645,35.32826717165626],[43.3697708154112,35.32959805439076],[43.37099350085601,35.33225981985976],[43.36488007363196,35.344903205837504],[43.35061541010918,35.3528885022445],[43.32249364487855,35.362204681386],[43.311489475875256,35.37052269847662],[43.28581308153424,35.39348042564673],[43.280922339755,35.40080028068648],[43.278884530680315,35.403462046155475],[43.27399378890108,35.406123811624475],[43.26951060893678,35.411447342562475],[43.26747279986209,35.4210962423876],[43.26910304712184,35.431077862896345],[43.271548418011456,35.43706683520159],[43.271955979826394,35.442723086823214],[43.26747279986209,35.451706545281084],[43.27399378890108,35.4666789760442],[43.28907357605374,35.46235360715708],[43.2931491942031,35.46035728305533],[43.29600212690766,35.456697355535454],[43.2964096887226,35.45337014869921],[43.298039935982345,35.450375662546584],[43.30170799231677,35.445052131608584],[43.30252311594665,35.44072676272146],[43.30293067776158,35.436068673150714],[43.30822898135576,35.42874881811097],[43.31434240857981,35.42675249400922],[43.32330876850842,35.42741793537647],[43.340018802920824,35.45004294186296],[43.358359084592976,35.458360958953584],[43.40319088423601,35.434737790416214],[43.41297236779449,35.431077862896345],[43.43375802035626,35.42641977332559],[43.44435462754461,35.42608705264197],[43.454543672918035,35.42775065606009],[43.47451420184993,35.44205764545596],[43.490001550817524,35.44605029365946],[43.53279554138587,35.447713897077584],[43.552358508502834,35.450375662546584],[43.56784585747043,35.45769551758633],[43.57681221739904,35.4693407415132],[43.58822394821726,35.49828744098856],[43.598005431775746,35.509267223548186],[43.61145497166866,35.51425803380256],[43.633870871490174,35.51392531311893],[43.667290940314984,35.51625435790431],[43.69989588550992,35.5322249507183],[43.721089099886626,35.533888554136425],[43.73209326888991,35.53721576097267],[43.741874752448396,35.548195543532294],[43.75206379782181,35.57780768437491],[43.75776966323093,35.60276173564677],[43.76429065226991,35.61440695957364],[43.77977800123751,35.62971211102039],[43.79241241750054,35.639693731529135],[43.80097121561422,35.648677189987005],[43.80178633924409,35.65998969323025],[43.797710721094724,35.66897315168812],[43.79159729387067,35.67795661014599],[43.769588955864094,35.69825257184711],[43.763067966825105,35.70291066141786],[43.76225284319523,35.70923235440673],[43.76836627041928,35.717883092180976],[43.82990810447472,35.76013861900134],[43.90204654571851,35.82368826957369],[43.911828029277,35.845647834692926],[43.927315378244586,35.847976879478296],[43.94973127806611,35.8413224658058],[44.05528978813471,35.7797691393352],[44.09278547510888,35.7811000220697],[44.11397868948559,35.784094508222324],[44.12335261122914,35.7890853184767],[44.132318971157744,35.803725028556194],[44.14699119649546,35.83566621418418],[44.16981465813192,35.842986069223926],[44.186524692544324,35.845647834692926],[44.241545537560775,35.83699709691868],[44.263553875567354,35.8333371693988],[44.282301719054445,35.82568459367543],[44.28800758446356,35.824686431624556],[44.296158820762294,35.82501915230819],[44.30594030432077,35.82701547640993],[44.32061252965849,35.8333371693988],[44.32631839506761,35.837662538285926],[44.331209136846844,35.8439842312748],[44.33487719318128,35.8439842312748],[44.34710404762938,35.838993421020426],[44.35321747485343,35.837662538285926],[44.36870482382102,35.835333493500556],[44.37318800378532,35.83366989008243],[44.37644849830482,35.83300444871518],[44.379301431009374,35.83366989008243],[44.384599734603555,35.84232062785668],[44.38786022912305,35.844316951958426],[44.40660807261013,35.850971365630926],[44.412313938019246,35.853633131099926],[44.41679711798355,35.857293058619796],[44.42209542157773,35.86028754477242],[44.42943153424659,35.86095298613967],[44.44206595050963,35.85928938272154],[44.4506247486233,35.85928938272154],[44.47181796300001,35.86927100323029],[44.493826301006585,35.863947472292296],[44.49667923371114,35.86095298613967],[44.4995321664157,35.85962210340517],[44.50401534638,35.86028754477242],[44.51257414449367,35.86428019297592],[44.51868757171772,35.86561107571042],[44.52602368438659,35.863614751608665],[44.53009930253595,35.859954824088796],[44.536620291574934,35.85230224836542],[44.54028834790937,35.85030592426367],[44.5439564042438,35.850971365630926],[44.54599421331848,35.85562945520167],[44.54517908968861,35.85895666203792],[44.5439564042438,35.86228386887417],[44.54314128061392,35.86561107571042],[44.5439564042438,35.86860556186304],[44.54762446057823,35.87093460664842],[44.55170007872759,35.871600048015665],[44.561889124101015,35.866276517077665],[44.56596474225038,35.86561107571042],[44.57085548402962,35.86993644459754],[44.57493110217899,35.874261813484665],[44.58104452940304,35.879585344422665],[44.58919576570177,35.88524159604428],[44.5928638220362,35.889899685615035],[44.59653187837063,35.897552261338404],[44.59938481107519,35.90087946817465],[44.604275552854425,35.90354123364365],[44.61487216004278,35.907866602530774],[44.618132654562274,35.90720116116353],[44.62139314908177,35.903873954327274],[44.62139314908177,35.89422505450216],[44.62709901449088,35.88557431672791]]]}},{"type":"Feature","properties":{"id":"BG","featurecla":"Admin-1 scale rank","scalerank":5,"adm1_code":"IRQ-3063","diss_me":3063,"iso_3166_2":"IQ-BG","wikipedia":"","iso_a2":"IQ","adm0_sr":1,"name":"Baghdad","name_alt":"Bagd |Bagdad","name_local":"","type_en":"Province","code_local":"","note":"","hasc_maybe":"","postal":"BG","sameascity":9,"woe_name":"Baghdad","latitude":33.306,"longitude":44.3827,"admin":"Iraq","gn_a1_code":"07","min_zoom":6.7},"geometry":{"type":"Polygon","coordinates":[[[44.50483047000988,33.175897069287],[44.33895281133064,33.18321692432674],[44.31327641698963,33.18920589663199],[44.30023443891166,33.19086950005012],[44.28719246083369,33.18920589663199],[44.27537316820052,33.19985295850799],[44.248881650229634,33.213827227220236],[44.23706235759647,33.22347612704535],[44.227280874037994,33.240777602593845],[44.22239013225875,33.26107356429496],[44.22239013225875,33.28203496736333],[44.22646575040812,33.30133276701358],[44.23828504304128,33.32096328734744],[44.269667302791404,33.34957726613918],[44.27944878634989,33.368875065789425],[44.27904122453495,33.37419859672742],[44.27781853909014,33.37852396561454],[44.329986451402036,33.39050191022504],[44.343028429480015,33.42577030268927],[44.349956980333936,33.43242471636177],[44.35566284574305,33.43175927499452],[44.4273937251719,33.42909750952552],[44.43717520873039,33.427433906107396],[44.45714573766228,33.418450447649526],[44.494233862821524,33.390834630908664],[44.52561612257165,33.41079787192616],[44.529284178906074,33.40813610645716],[44.53335979705545,33.40347801688641],[44.534582482500255,33.392165513643164],[44.53743541520481,33.38318205518529],[44.542733718798985,33.36920778647305],[44.54314128061392,33.366213300320425],[44.542733718798985,33.364882417585925],[44.541918595169115,33.36255337280055],[44.541103471539245,33.350242707506425],[44.53621272976,33.34059380768131],[44.53743541520481,33.31098166683869],[44.53865810064962,33.28070408462883],[44.53621272976,33.273384229589084],[44.53295223524051,33.266729815916584],[44.528469055276204,33.264400771131214],[44.52480099894177,33.264400771131214],[44.52439343712684,33.26739525728384],[44.52683880801646,33.27038974343646],[44.52683880801646,33.27937320189433],[44.519910257162536,33.26340260908034],[44.52235562805215,33.255084591989714],[44.52602368438659,33.24809745763359],[44.52643124620152,33.24377208874647],[44.52520856075671,33.239779440542975],[44.51909513353266,33.23379046823773],[44.515834639013164,33.23112870276873],[44.50646071726962,33.21915075815823],[44.50483047000988,33.175897069287]]]}},{"type":"Feature","properties":{"id":"BB","featurecla":"Admin-1 scale rank","scalerank":5,"adm1_code":"IRQ-3472","diss_me":3472,"iso_3166_2":"IQ-BB","wikipedia":"","iso_a2":"IQ","adm0_sr":1,"name":"Babil","name_alt":"Babylon|Hilla","name_local":"","type_en":"Province","code_local":"","note":"","hasc_maybe":"","postal":"BB","sameascity":-99,"woe_name":"Babil","latitude":32.6833,"longitude":44.5099,"admin":"Iraq","gn_a1_code":"06","min_zoom":6.7},"geometry":{"type":"Polygon","coordinates":[[[44.50483047000988,33.175897069287],[44.50442290819494,33.16425184536013],[44.51705732445798,33.142957721608134],[44.534582482500255,33.10469484299128],[44.542733718798985,33.08007351240304],[44.54640177513342,33.05877938865105],[44.54599421331848,33.01985106866694],[44.53988078609443,33.00587679995469],[44.523170751682024,32.99789150354769],[44.53091442616582,32.96827936270508],[44.53417492068532,32.866799554199496],[44.54028834790937,32.842178223611256],[44.54680933694836,32.82620763079726],[44.55373788780228,32.82088409985926],[44.55862862958152,32.81755689302302],[44.56474205680557,32.815893289604894],[44.7061660065886,32.80724255183065],[44.713094557442524,32.80591166909615],[44.77667420057264,32.77530136620266],[44.8272118656248,32.76165981817404],[44.863892428969095,32.758665332021415],[44.87245122708277,32.75633628723604],[44.877749530676944,32.74868371151267],[44.91035447587188,32.7370384875858],[44.93603087021289,32.72506054297531],[44.95029553373568,32.71541164315018],[44.96374507362859,32.70276825717244],[44.96985850085264,32.69178847461282],[45.01265249142099,32.572009028507864],[45.05177842565491,32.49747959537589],[45.06930358369719,32.47884723709291],[45.088458988999214,32.462543923595284],[45.10476146159668,32.45322774445379],[45.121471496009086,32.44890237556667],[45.18097552098984,32.446906051464914],[45.19401749906781,32.44657333078129],[45.19687043177237,32.41529758652055],[45.198500679032115,32.39433618345219],[45.183828453694396,32.395001624819436],[45.17526965558073,32.39300530071769],[45.16100499205794,32.388347211146936],[45.116173192414905,32.36538948397683],[45.10435389978174,32.35806962893707],[45.09212704533364,32.345426242959334],[45.08519849447972,32.340102712021334],[44.999202951528076,32.29119277152848],[44.93521574658302,32.26923320640924],[44.891199070569854,32.2406192276175],[44.861854619894416,32.21699605908013],[44.85492606904049,32.213668852243885],[44.84881264181644,32.216330617712885],[44.83740091099821,32.22631223822163],[44.8316950455891,32.23030488642513],[44.82558161836505,32.230637607108754],[44.81824550569619,32.227975841639754],[44.808464022137706,32.218992383181885],[44.80275815672859,32.21034164540764],[44.79990522402404,32.203354511051515],[44.801535471283785,32.19869642148077],[44.80601865124809,32.194371052593645],[44.81376232573189,32.18838208028839],[44.815392572991634,32.1790659011469],[44.81457744936176,32.17174604610715],[44.81050183121239,32.16642251516915],[44.80479596580328,32.16242986696565],[44.78971617865062,32.15477729124228],[44.78401031324151,32.15078464303878],[44.76485490793948,32.13082140202129],[44.75792635708556,32.1254978710833],[44.74977512078682,32.1215052228798],[44.74040119904328,32.1188434574108],[44.72817434459518,32.1188434574108],[44.71513236651721,32.1228361056143],[44.66011152150075,32.15145008440604],[44.62995194719544,32.15943538081303],[44.57900672032835,32.173409649525276],[44.549254707837974,32.18804935960477],[44.52683880801646,32.20401995241876],[44.499939728230636,32.216330617712885],[44.4506247486233,32.186385756186645],[44.4428810741395,32.1870511975539],[44.43472983784076,32.1857203148194],[44.42983909606153,32.18605303550302],[44.40905344349976,32.1737423702089],[44.37359556560026,32.14512839141716],[44.358515778447604,32.16209714628203],[44.35362503666836,32.170747884056276],[44.34588136218457,32.1803967838814],[44.33936037314558,32.1870511975539],[44.32061252965849,32.21267069019301],[44.3128688551747,32.231303048476],[44.31123860791495,32.242282831035624],[44.31857472058381,32.25226445154437],[44.342620867665076,32.26390967547124],[44.34669648581444,32.28087843033611],[44.34058305859039,32.2862019612741],[44.33365450773647,32.295850861099225],[44.31938984421368,32.34376263954121],[44.31612934969419,32.354409701417204],[44.29534369713242,32.38934537319781],[44.28800758446356,32.40997405558256],[44.2928983262428,32.4266100897638],[44.302679809801276,32.44657333078129],[44.29534369713242,32.466536571798784],[44.23910016667116,32.53640791536],[44.22279769407369,32.57034542508974],[44.220352323184066,32.60761014165573],[44.25581020108356,32.71607708451743],[44.2651841228271,32.72439510160805],[44.26436899919723,32.7357076048513],[44.26396143738229,32.741696577156546],[44.25988581923293,32.749681873563546],[44.23583967215166,32.770310555948285],[44.22891112129774,32.77463592483541],[44.22279769407369,32.776964969620785],[44.21831451410938,32.77663224893716],[44.21301621051521,32.77463592483541],[44.202012041511914,32.76964511458104],[44.19752886154761,32.768979673213785],[44.19223055795344,32.76964511458104],[44.15718024186888,32.77763041098803],[44.12946603845319,32.78129033850791],[44.14087776927141,32.87644845402462],[44.09726865507319,32.902067946663735],[44.06996201347243,32.9283528806701],[44.057327597209394,32.95530325604371],[44.03980243916712,33.03016540985931],[44.015756292085854,33.08938969154453],[43.9851891559656,33.11500918418365],[43.88818944401066,33.156266548953134],[43.838874464403325,33.166580890145504],[43.825424924510415,33.18055515885774],[43.82053418273118,33.201849282609736],[43.85436181337092,33.20550921012961],[43.899601174828895,33.200518399875236],[43.988042088670156,33.18088787954137],[44.08341155336534,33.18022243817412],[44.1074577004466,33.17756067270512],[44.132318971157744,33.17123897971625],[44.1963061761028,33.13963051477189],[44.21790695229445,33.133974263150265],[44.23910016667116,33.138965073404634],[44.2574404483433,33.15393750416776],[44.28719246083369,33.18920589663199],[44.30023443891166,33.19086950005012],[44.31327641698963,33.18920589663199],[44.33895281133064,33.18321692432674],[44.50483047000988,33.175897069287]]]}},{"type":"Feature","properties":{"id":"QA","featurecla":"Admin-1 scale rank","scalerank":5,"adm1_code":"IRQ-3224","diss_me":3224,"iso_3166_2":"IQ-QA","wikipedia":"","iso_a2":"IQ","adm0_sr":1,"name":"Al-Qādisiyyah","name_alt":"Diwaniyah","name_local":"","type_en":"Province","code_local":"","note":"","hasc_maybe":"","postal":"QA","sameascity":-99,"woe_name":"Al-Qadisiyah","latitude":31.6081,"longitude":45.1075,"admin":"Iraq","gn_a1_code":"04","min_zoom":6.7},"geometry":{"type":"Polygon","coordinates":[[[45.198500679032115,32.39433618345219],[45.25637445675313,32.38768176977969],[45.26289544579211,32.3717111769657],[45.28775671650325,32.36272771850783],[45.3582649104873,32.355740584151704],[45.369676641305524,32.34076815338858],[45.39168497931211,32.335111901766965],[45.39535303564654,32.32679388467634],[45.39372278838679,32.31747770553484],[45.38068081030882,32.290527330161225],[45.3782354394192,32.27622034076536],[45.38353374301337,32.26124791000224],[45.39861353016603,32.24660819992275],[45.498058613010585,32.166755235852776],[45.51639889468274,32.14612655346804],[45.52862574913084,32.12716147450142],[45.53799967087438,32.1148508092073],[45.55389458165691,32.10586735074943],[45.61706666297209,32.08623683041556],[45.6859446096964,32.068935354867065],[45.68920510421589,32.05695741025657],[45.68186899154703,32.05130115863495],[45.6782009352126,32.046975789747826],[45.67860849702754,32.040654096758956],[45.72588566756019,31.947825026027616],[45.71895711670627,31.923203695439376],[45.717326869446524,31.908896706043507],[45.71854955489133,31.888268023658767],[45.758083050940186,31.783793729000557],[45.785797254355884,31.65137089691786],[45.777646018057155,31.643718321194488],[45.75563768005057,31.63772934888924],[45.71325125129715,31.63706390752199],[45.53596186179969,31.686639289382097],[45.29223989646756,31.727563933467955],[45.22010145522376,31.729560257569705],[45.20991240985035,31.714587826806586],[45.04811036932048,31.6813157584441],[45.02487934586909,31.67931943434235],[45.03629107668732,31.669337813833604],[45.04566499843086,31.664679724262854],[45.06359771828807,31.659023472641234],[45.070526269142,31.655696265804984],[45.07663969636605,31.646712807347114],[45.081122876330355,31.63506758342024],[45.088051427184276,31.625085962911495],[45.110059765190854,31.61643522513725],[45.108429517931114,31.601462794374132],[45.093349730778456,31.565528960542647],[45.061967471028325,31.51329181321354],[44.999202951528076,31.366561991734976],[44.978417298966306,31.26275313844402],[44.897312497793905,31.30001785501],[44.72695165915037,31.407486635820835],[44.534582482500255,31.475361655280306],[44.515834639013164,31.48567599647268],[44.45103231043824,31.5515546918304],[44.42943153424659,31.585159480876513],[44.43432227602583,31.60878264941388],[44.45633061403241,31.630076773165868],[44.47752382840912,31.634734862736618],[44.50483047000988,31.625751404278745],[44.52235562805215,31.6171006665045],[44.541511033354176,31.640723835041864],[44.528469055276204,31.71558598885746],[44.52887661709114,31.77847019806256],[44.53295223524051,31.811076825057796],[44.4995321664157,31.95281583628199],[44.50646071726962,31.984091580542728],[44.515019515383294,32.00838019044734],[44.523170751682024,32.01836181095609],[44.542733718798985,32.02501622462859],[44.57900672032835,32.045644907013326],[44.60794360918886,32.054961086154826],[44.61324191278303,32.05828829299107],[44.61324191278303,32.062613661878196],[44.60753604737392,32.069268075550696],[44.59856968744531,32.07525704785594],[44.59245626022126,32.08024785811031],[44.58797308025696,32.08656955109919],[44.58389746210759,32.09322396477168],[44.58389746210759,32.09921293707693],[44.58675039481215,32.10453646801493],[44.59653187837063,32.10985999895293],[44.603052867409616,32.110858161003804],[44.60753604737392,32.11119088168743],[44.61201922733822,32.11518352989093],[44.61527972185772,32.11917617809442],[44.62995194719544,32.15943538081303],[44.66011152150075,32.15145008440604],[44.71513236651721,32.1228361056143],[44.72817434459518,32.1188434574108],[44.74040119904328,32.1188434574108],[44.74977512078682,32.1215052228798],[44.75792635708556,32.1254978710833],[44.76485490793948,32.13082140202129],[44.78401031324151,32.15078464303878],[44.78971617865062,32.15477729124228],[44.80479596580328,32.16242986696565],[44.81050183121239,32.16642251516915],[44.81457744936176,32.17174604610715],[44.815392572991634,32.1790659011469],[44.81376232573189,32.18838208028839],[44.80601865124809,32.194371052593645],[44.801535471283785,32.19869642148077],[44.79990522402404,32.203354511051515],[44.80275815672859,32.21034164540764],[44.808464022137706,32.218992383181885],[44.81824550569619,32.227975841639754],[44.82558161836505,32.230637607108754],[44.8316950455891,32.23030488642513],[44.83740091099821,32.22631223822163],[44.84881264181644,32.216330617712885],[44.85492606904049,32.213668852243885],[44.861854619894416,32.21699605908013],[44.891199070569854,32.2406192276175],[44.93521574658302,32.26923320640924],[44.999202951528076,32.29119277152848],[45.08519849447972,32.340102712021334],[45.09212704533364,32.345426242959334],[45.10435389978174,32.35806962893707],[45.116173192414905,32.36538948397683],[45.16100499205794,32.388347211146936],[45.17526965558073,32.39300530071769],[45.183828453694396,32.395001624819436],[45.198500679032115,32.39433618345219]]]}},{"type":"Feature","properties":{"id":"DQ","featurecla":"Admin-1 scale rank","scalerank":5,"adm1_code":"IRQ-3225","diss_me":3225,"iso_3166_2":"IQ-DQ","wikipedia":"","iso_a2":"IQ","adm0_sr":1,"name":"Dhi-Qar","name_alt":"Dhi Qar|Muntafiq|Nasiriyah|Thi-Qar","name_local":"","type_en":"Province","code_local":"","note":"","hasc_maybe":"","postal":"DQ","sameascity":-99,"woe_name":"Dhi-Qar","latitude":31.191,"longitude":46.4203,"admin":"Iraq","gn_a1_code":"09","min_zoom":6.7},"geometry":{"type":"Polygon","coordinates":[[[45.785797254355884,31.65137089691786],[45.758083050940186,31.783793729000557],[45.71854955489133,31.888268023658767],[45.717326869446524,31.908896706043507],[45.71895711670627,31.923203695439376],[45.72588566756019,31.947825026027616],[45.826145874034616,31.94250149508962],[45.88728014627512,31.964128339525235],[45.8925784498693,31.964128339525235],[45.89746919164854,31.960801132688985],[45.901137247982966,31.961133853372612],[45.90521286613233,31.963130177474362],[45.90969604609664,31.96712282567786],[45.91214141698626,31.968120987728735],[45.914994349690815,31.967455546361485],[45.91743972058043,31.964793780892485],[45.922330462359675,31.961799294739862],[45.92722120413892,31.962464736107112],[45.961863958408536,31.984757021909978],[45.970015194707265,31.986753346011724],[45.97898155463587,31.986087904644478],[45.98835547637942,31.9837588598591],[46.003842825347014,31.981097094390105],[46.010771376200935,31.981429815073728],[46.01525455616524,31.983426139175478],[46.019330174314604,31.991078714898848],[46.024220916093846,31.995071363102348],[46.057640984918656,32.00472026292747],[46.317257861033326,32.00538570429472],[46.33967376085484,31.9864206253281],[46.351900615302945,31.97277907729948],[46.35353086256269,31.964461060208862],[46.337228389965226,31.960801132688985],[46.32051835555282,31.95215039491474],[46.31073687199434,31.935514360733496],[46.337228389965226,31.88793530297514],[46.414257572988255,31.778802918746184],[46.413034887543446,31.755179750208818],[46.40977439302395,31.741870922863825],[46.43259785466041,31.691297378952846],[46.47172378889433,31.653699941703234],[46.502698486829516,31.638062069572868],[46.50881191405357,31.632738538634868],[46.53978661198876,31.58981757044726],[46.55649664640116,31.57551058105139],[46.58869402978116,31.552552853881274],[46.59929063696951,31.541573071321654],[46.60662674963837,31.525935199191288],[46.609072120528,31.51029732706092],[46.605404064193564,31.490001365359802],[46.60010576059939,31.47769070006568],[46.58950915341103,31.459723783149936],[46.58828646796622,31.446747676488567],[46.5891015915961,31.43743149734707],[46.604996502378626,31.39617413257759],[46.693844978034825,31.348595074819233],[46.70607183248293,31.340609778412237],[46.71748356330115,31.33062815790349],[46.73011797956419,31.315988447823997],[46.73623140678824,31.30600682731525],[46.73949190130774,31.297023368857378],[46.740714586752546,31.288039910399508],[46.74030702493761,31.277060127839885],[46.735823844973304,31.241459014692026],[46.735416283158365,31.23081195281603],[46.736638968603174,31.221495773674533],[46.7390843394928,31.21317775658391],[46.742752395827225,31.205857901544164],[46.74968094668115,31.198205325820794],[46.79288249906444,31.168260464294555],[46.80673960077229,31.156615240367685],[46.84586553500621,31.138981044135566],[46.95101648325988,31.140311926870066],[47.12626806368265,31.12966486499407],[47.13482686179632,31.04681741477148],[47.12219244553329,30.838866987505938],[47.096516051192275,30.72574195507348],[47.090402623968224,30.697127976281745],[47.089179938523415,30.67483569047888],[47.09447824211759,30.60196986076503],[47.08836481489354,30.57368860265692],[47.05820524058822,30.569030513086172],[46.919634223509746,30.59065735752179],[46.9012939418376,30.59132279888904],[46.57483692807331,30.514131600288067],[46.54141685924851,30.507144465931944],[46.52837488117053,30.507809907299194],[46.515332903092556,30.51646064507344],[46.50432873408926,30.529436751734814],[46.46316499078066,30.60263530213228],[46.371463582419906,30.733394530796854],[46.21047666551991,30.78230447128971],[45.71977224033614,30.837536104771438],[45.70591513862829,30.97727879189388],[45.71162100403741,30.999238357013123],[45.715696622186776,31.028850497855736],[45.72140248759589,31.047150135455105],[45.72629322937513,31.072769628094218],[45.73362934204399,31.086411176122837],[45.74911669101158,31.08807477954096],[45.76908721994348,31.08175308655209],[45.78131407439158,31.083416689970214],[45.78865018706044,31.093731031162584],[45.79435605246955,31.124341334056073],[45.79557873791437,31.141975530288192],[45.792318243394874,31.151957150796935],[45.78620481617082,31.154618916265935],[45.778053579872086,31.157946123102185],[45.76623428723892,31.16593141950918],[45.7625662309045,31.169591347029055],[45.743003263787536,31.17624576070155],[45.74096545471285,31.18722554326117],[45.75196962371614,31.21916672888916],[45.80943583962221,31.335618968157863],[45.75441499460576,31.337615292259613],[45.72629322937513,31.341940661146737],[45.723847858485506,31.35591492985898],[45.7348520274888,31.374214567458345],[45.8037299742131,31.448078559223067],[45.80699046873259,31.459723783149936],[45.805767783287784,31.473032610494933],[45.799246794248795,31.50364291338842],[45.79394849065462,31.514955416631665],[45.7882426252455,31.521609830304165],[45.78253675983639,31.522607992355038],[45.777238456242216,31.524604316456788],[45.77357039990778,31.53026056807841],[45.773162838092844,31.53924402653628],[45.779683827131834,31.560870870971897],[45.784574568911076,31.56852344669527],[45.79028043432019,31.572516094898766],[45.7959862997293,31.57051977079702],[45.80128460332348,31.56785800532802],[45.81106608688196,31.560870870971897],[45.81554926684626,31.560205429604647],[45.81962488499563,31.561536312339147],[45.82166269407031,31.566194401909897],[45.82247781770019,31.573514256949643],[45.821255132255374,31.586823084294636],[45.82166269407031,31.600797353006882],[45.82288537951512,31.605788163261256],[45.81758707592095,31.62042787334075],[45.785797254355884,31.65137089691786]]]}},{"type":"Feature","properties":{"id":"KA","featurecla":"Admin-1 scale rank","scalerank":5,"adm1_code":"IRQ-3062","diss_me":3062,"iso_3166_2":"IQ-KA","wikipedia":"","iso_a2":"IQ","adm0_sr":1,"name":"Karbala'","name_alt":"Kerbela","name_local":"","type_en":"Province","code_local":"","note":"","hasc_maybe":"","postal":"KA","sameascity":-99,"woe_name":"Karbala'","latitude":32.502,"longitude":43.7651,"admin":"Iraq","gn_a1_code":"12","min_zoom":6.7},"geometry":{"type":"Polygon","coordinates":[[[44.12946603845319,32.78129033850791],[44.15718024186888,32.77763041098803],[44.19223055795344,32.76964511458104],[44.19752886154761,32.768979673213785],[44.202012041511914,32.76964511458104],[44.21301621051521,32.77463592483541],[44.21831451410938,32.77663224893716],[44.22279769407369,32.776964969620785],[44.22891112129774,32.77463592483541],[44.23583967215166,32.770310555948285],[44.25988581923293,32.749681873563546],[44.26396143738229,32.741696577156546],[44.26436899919723,32.7357076048513],[44.2651841228271,32.72439510160805],[44.25581020108356,32.71607708451743],[44.220352323184066,32.60761014165573],[44.22279769407369,32.57034542508974],[44.23910016667116,32.53640791536],[44.29534369713242,32.466536571798784],[44.302679809801276,32.44657333078129],[44.2928983262428,32.4266100897638],[44.28800758446356,32.40997405558256],[44.29534369713242,32.38934537319781],[44.31612934969419,32.354409701417204],[44.31938984421368,32.34376263954121],[44.30757055158052,32.31847586758572],[44.30594030432077,32.31248689528047],[44.30104956254153,32.30150711272085],[44.296566382577225,32.295850861099225],[44.28800758446356,32.30017622998635],[44.276188291830394,32.30915968844422],[44.25010433567444,32.306497922975225],[44.15677268005395,32.28187659238698],[43.69052196376637,32.168418839270906],[43.64242966960384,32.203354511051515],[43.477367134554484,32.30816152639335],[43.24179640552108,32.51012298135364],[43.217750258439814,32.540733284247125],[43.21082170758589,32.571010866456994],[43.263804743527665,32.59463403499436],[43.31067435224538,32.6099391864411],[43.43335045854133,32.624578896520596],[43.454543672918035,32.626907941305966],[43.46554784192132,32.629569706774966],[43.49285448352208,32.64454213753809],[43.67992535657802,32.78428482466053],[43.75899234867574,32.81689145165577],[43.84376520618257,32.82587491011364],[43.95829007617978,32.82587491011364],[44.12946603845319,32.78129033850791]]]}}]}